sentence,sentiment,polarity
"Using a methodology derived from previous international debt-reduction schemes, the International Institute for Environment and Development (IIED) estimates that debt swaps could free up to USD100 billion to restore nature and help climate change adaptation.(IIED)",Positive,0.05833333333333334
"In FY23, MIGA issued a record USD 6.4 billion in new guarantees across 40 projects, supporting USD 8.6 billion in total financing (from private and public sources): 27% of gross issuances went to IDA-eligible (lower-income) countries, 19% went to fragile and conflict- affected countries, and 28% of the total guaranteed investment of the projects contributed to climate finance.",Positive,0.048295454545454544
"Climate blended finance transactions account for about half (49%) of the blended finance market in terms of deal count and 57% of aggregate financing, most of it in renewable energy.",Positive,0.16666666666666669
"Implement the commitment undertaken by developed- country parties to the United Nations Framework Convention on Climate Change (UNFCCC) to a goal of mobilising jointly USD 100 billion annually by 2020 from all sources to address the needs of developing countries in the context of meaningful mitigation actions and transparency on implementation and fully (For a comprehensive assessment of performance for SDG 7, see Tracking SDG 7 | Progress Towards Sustainable Energy (esmap.org) by IEA, IRENA, UNSD, World Bank, WHO).",Positive,0.3
"In its seventh progress assessment towards the UNFCCC goal, the OECD found that in 2022, developed countries provided and mobilised USD 115.9 billion in climate finance for developing countries, surpassing the annual USD 100 billion target for the first time.",Positive,0.175
"It aims to mobilise up to EUR 300 billion public and private funding by 2027 to support infrastructure investments in the digital, climate and energy, transport, health, education and research sectors.",Neutral,0.0
"All financing must be scaled up to address the triple planetary crisis of climate change, biodiversity loss and pollution.",Neutral,0.0
"Creating stable investment climates to enable sustainable investments requires collaboration between governments, businesses and the financial sector.",Neutral,0.0
"A conducive investment climate attracts international investors and supports the local MSME ecosystem and its access to finance, vital for the creation of jobs and decent working conditions.",Positive,0.06666666666666667
"We support efforts in domestic carbon pricing and carbon market instruments and international compliance markets to curb emissions, incentivise innovation, and generate resources that can be re-invested in climate action.",Positive,0.03333333333333333
"Debt risks in LMICs remain elevated, and high interest payments and difficulties to refinance external debt continue to constrain investment needed to reach the SDGs and address climate change.",Positive,0.08
The intensity of the climate crisis calls for fostering the development of climate-responsive debt instruments .,Neutral,0.0
"Indeed, debt vulnerabilities are increasingly connected and the negative effects of climate change aggravate sovereign debt challenges, calling for innovative financial approaches.",Positive,0.06666666666666667
"Therefore, we support the development and use of Climate Resilient Debt Clauses on a voluntary and case-by-case basis, as they provide temporary debt relief to countries hit by natural disasters.",Positive,0.1
"We call on MDBs to mobilise additional financial resources to better address global issues such as biodiversity loss and climate change, both mitigation and adaptation, aligning their activities with the Global Biodiversity Framework and the Paris Agreement.",Positive,0.1
"The EU supports science-policy panels as important tools to provide the latest science and evidence to help policymakers address global crises, including climate change, biodiversity loss and pollution.",Positive,0.3
"The potential for major shocks, notably climate shocks, to derail development progress is prominent in these policy agendas.",Positive,0.265625
"But for risks that can be modelled and anticipated, including many climate- related risks, a substantial scale-up of pre-arranged financing could help to deliver a far more predictable, timely, and cost-effective response, with far better outcomes for crisis-affected people and economies.",Positive,0.21428571428571433
"Shock-responsive social protection systems should actively incorporate the needs of internally displaced people (IDPs) from compounding climate, conflict, and health outbreaks.",Negative,-0.03333333333333333
"Understanding Risk Although it is difficult to effectively model scenarios for global and cross-border risks, such as conflict, climate shocks, and health outbreaks, there are clear actions that the international community can take to effectively place them on their balance sheets.",Positive,0.11428571428571428
"As an example of demand-led practice, the Global Shield against Climate Risks is taking this approach with partner countries.",Neutral,0.0
"The toolkit of PAF instruments is growing and governments must use financial products that provide the most cost-effective protection to

II.1.4 Addressing Systemic Issues Representation in the Wider Crisis Financing Architecture To emphasise recommendations from the Vulnerable 20 (V20) Group of Finance Ministers, from 68 climate-vulnerable countries from Africa, Asia, the Caribbean, Latin America, the Middle East, and the Pacific, there needs to be a greater representation and voting power within the global financial system to take forward the Accra-Marrakech Agenda and Bridgetown Initiative.",Positive,0.07142857142857142
"Pre-arranged Financing within Climate Adaptation Disaster risk financing is currently siloed, without operating in complementarity with other areas of risk management including adaptation, risk reduction, loss and damage, and investments in core shock-response systems strengthening.",Negative,-0.0625
"Pre-arranged financing could be made part of the wider

climate adaptation architecture.",Neutral,0.0
"While pre-arranged finance is unlikely to be the most cost-effective and politically feasible to address all climate-induced loss and damage in all countries, using pre-arranged financing to put in place plans and financing before disasters happen can play a critical role in ensuring that countries and at-risk communities have access to faster and more predictable financing rather than relying on financing that is approved after the disaster occurs.",Positive,0.049999999999999996
This can in turn facilitate more effective and timely disaster response that protect the poorest and most vulnerable people who have historically contributed the least to the unfolding climate crisis but are being disproportionately affected by its consequences.,Positive,0.13333333333333333
"Addressing key economic and social challenges, including aging, biodiversity, climate change, and human rights, with a strong focus on sustainable development.",Positive,0.13333333333333336
"GRF 2025 will focus on developing frameworks for anticipatory climate finance, aiming to mobilize billions annually in sustainable development funding • Annual Event: Held in Geneva, targeting financial industry and policymakers •",Neutral,0.0
"Deep, practical insights on country-specific risks and opportunities • Foundation in IPBES assessments for authoritative analysis • Multidisciplinary approach integrating biodiversity, climate, and socio-economic factors •",Positive,0.15
"Fosters cross-sectoral collaboration and

NEXUS ECOSYSTEM COLLECTIVE INTELLIGENCE QUINTUPLE HELIX Systemic Risk Climate Risk Political Risk Health Risk Financial Risk Technology Risk MICRO MICRO IDEAS SOLUTIONS COURSES TASKS ACADEMIA ACADEMIA GOVERNMENT GOVERNMENT COURSES CAREERS PROGRAMS PROJECTS Q1 Q2 BIOREGIONS

FLAGSHIP PROJECT",Neutral,0.0
"The 4 Financing for Development Conference has the urgent need to reform the international finance architecture fit for purpose to address urgent challenges of 21 century to support addressing climate change, eradicating poverty and achieving Sustainable Development Goals.",Positive,0.2
Input | Domestic public resources 2.1 Increase public resources • Goods and Services Tax • International agreement on fair tax sharing • Wealth tax • Land and asset monetisation 2.2 Improve quality of public expenditure • Budget for SDG-linked outcomes • Manage climate action expenditure •,Positive,0.11428571428571428
Input | Domestic and international private business and finance 3.1 Public Private Partnerships in private provision of public services 3.2 Green Industrial Policy – greening private sector development 3.3 Financial inclusion for SME business – access to finance 3.4 Domestic and international private finance • Mobilise international private finance • Align sustainable/green finance • Improve central banking and financial regulation 4.,Negative,-0.011764705882352941
"Science, technology, innovation and capacity building This Input Paper prioritises the need to finance climate mitigation, adaptation, and resilience.",Neutral,0.0
"• Manage climate action expenditure: While SDG 7 and 13 remain time sensitive and critical towards meeting global climate goals in line with the Paris Agreement, it is imperative for developing countries to focus selectively on climate mitigation towards meeting NDCs, and enhance focus on adaptation and resilience to address local adverse effects of climate change.",Positive,0.04
"Instead, most development interventions focused only on broad business enabling environment, such as WB Doing Business , and investment climate reforms.",Positive,0.140625
"The Addis agenda was followed by the Paris Agreement, which further burdened private business and finance with investments for climate goals .",Neutral,0.0
"The need for industrial policy today, when the world needs to transition, is being acutely felt in the overarching market failures to counter the global effects of climate change arising from unabated greenhouse gas (GHG) emissions.",Positive,0.3
Private sector development approaches need to go beyond Doing Business and Investment Climate and recognise that meeting many key SDGs naturally causes monopolies or classic market failures.,Positive,0.15333333333333332
"Aligning sustainable/green finance: The last decade since Addis FfD and the Paris Agreement has seen a plethora of sustainable, responsible, and green investment and finance standards and codes getting developed, ranging from disclosures, to ESG and impact investment, to align with the SDGs.",Positive,0.025
"As of 2022, these standards and codes have converged to IFRS – International Sustainability Standards Board (ISSB), which are wider than climate finance.",Neutral,0.0
"While climate-related financial risks remain key to global financial stability, it is also imperative that financial sector regulation shifts the financial intermediation for domestic finance towards SDGs through various instruments.",Neutral,0.0
The IMF Article IV Assessment and joint Financial Sector Assessment Program of the World Bank need to be modified to account for new realities of climate and sustainability.,Positive,0.06818181818181818
"This paper recommends: • Increasing, directing, and leveraging ODA finance to reach UN targets, • Reforming MDBs to focus on meeting SDGs including climate Investments, and • Restructuring International Financial Architecture.",Neutral,0.0
"These include: • Boosting MDB Capacity: An independent review of MDB Capital Adequacy Frameworks, 2022 – G20 and COP • Climate Finance Framework: Independent High Level Expert Group on Climate Finance – COP • The Triple Agenda: Strengthening Multilateral Development Banks",Positive,0.065
"Reducing cost of finance for developing countries

4.3 Restructure the International Financial Architecture: High level restructuring of International Financial Architecture comprises governance reforms, sovereign debt management, and increasing finance for sustainable development with a focus on climate action .",Positive,0.043333333333333335
"Therefore, these inputs are limited to increasing finance for sustainable development including climate action, with a focus on the role of the IMF .",Positive,0.01428571428571429
"Set up a Global Risk Pooling Reserve Fund: This approach could be useful for other risks such climate-related physical risks, financial contagion, and pandemics.",Positive,0.029166666666666664
Such a global reserve fund would have three premises: a) different countries face different kinds of climate risks; b) the fund would not require initial payments of public money and its nominal capitalisation could be based on a voluntary allocation of a share of a country’s SDRs ; and c) the fund would assume an initial loss but would transfer the bulk of the subscribed risk to existing market insurance mechanisms.,Neutral,0.0
"by Dr Arunabha Ghosh underscores this point: “ Many horizon technologies for climate mitigation, such as solar radiation management (SRM) or carbon capture and storage (CCS), entail significant known and unknown risks.",Positive,0.19375
"The International Sustainability Standards Board (ISSB) builds on the Climate Disclosure Standards Board (CDSB), the Task Force for Climate- related Financial Disclosures (TCFD), the Value Reporting Foundation’s Integrated Reporting Framework and industry-based Sustainability Accounting Standards Board (SASB) Standards, as well as the World Economic Forum’s Stakeholder Capitalism Metrics .",Positive,0.05
"Additionally, private investors are less inclined to finance sectors like health and education or policy objectives like climate adaptation, due to low returns and smaller project sizes.",Negative,-0.05833333333333333
"Policies to enhance transparency, accountability and governance of sustainable financial and capital markets have made significant strides Nearly half of the global gross domestic product (GDP) is now under jurisdictions adopting climate-related disclosure legislation.",Positive,0.034722222222222224
"These include at least 30 taxonomies and 200 frameworks, standards and guidelines on sustainability and climate disclosures.",Negative,-0.3
"Private finance for climate action could be scaled up Developed countries pledged to mobilise USD 100 billion annually in climate finance for developing nations

allocated to mitigation efforts.",Positive,0.06666666666666667
"Private finance mobilised by public climate finance, for which comparable data are only available from 2016, grew from USD 14.4 billion in 2021 to 21.9 billion in 2022 (a USD 7.5 billion or 52% increase), following several years of relative stagnation.",Positive,0.05714285714285715
"However, the United Nations Framework Convention on Climate Change (UNFCCC) estimates that nearly USD 6 trillion is needed for developing countries’ climate action plans by 2030, requiring additional resource mobilisation with between USD 500 billion and USD 600 billion annually in private finance by 2030.",Positive,0.06666666666666667
"The Blue Dot Network, announced at the 2021 Group of Seven summit, focuses on promoting high infrastructure standards, good governance, and climate resilience through private investment in developing countries.",Positive,0.215
"UN (2024), The Sustainable Development Goals Report 2024 UN DESA (2024), Financing for Sustainable Development Report 2024 k World Bank (2024),‘Green, Social, Sustainability, and Sustainability -Linked (GSSS) Bonds Market Update OECD (2024), Sustainability-linked bonds The ISSB consolidated five major reporting standards, including: the Task Force on Climate-Related Financial Disclosures, the Climate Disclosure Standards Board, which included the Carbon Disclosure Project, as well as the Value Reporting Foundation which housed the Sustainability Accounting Standards Board and the International Integrated Reporting Framework

12  DRAFT Green Finance Measures Database UNEP (n.d.), SDG Indicator 12.6.1 UN DESA (2024), Financing for Sustainable Development Report 2024 Trade Finance Global (2024), Report:",Negative,-0.04345238095238096
"UN (2024), The Sustainable Development Goals Report 2024 OECD (2024), Climate Finance Provided and Mobilised by Developed Countries in 2013-2022 , Climate Finance and the USD 100 Billion Goal, OECD Publishing, Paris, https://doi.org/10.1787/19150727-en.",Positive,0.1
"Grantham Research Institute on Climate Change and the Environment, London School of Economics and Political Science (2023).",Neutral,0.0
A climate finance framework: decisive action to deliver on the Paris Agreement.,Positive,0.1
❖ Debt-for-nature swaps could help redirect USD 100 billion of debt in developing countries to nature restoration and climate adaptation.,Neutral,0.0
"New and emerging areas The international debt architecture can be strengthened to support sustainable development, climate goals and address financial inequalities.",Positive,0.04545454545454545
"Governments, multilateral organisations, and civil society have recently advocated for reform of the international debt architecture that focus on increasing low-cost public finance through reforms of multilateral development banks (MDBs) and the IMF, improving governance and representation within these institutions, and enhancing the agility and flexibility of lending mechanisms, particularly for countries vulnerable to climate change.",Negative,-0.019047619047619042
Innovative climate-related financial instruments can help respond to finance needs and debt challenges.,Positive,0.25
"Climate change has increased the debt cost for the V20 countries by USD 62 billion over 2007-16, and the climate premium is expected to more than double from 2019-28.",Positive,0.13333333333333333
70% of public climate finance is provided by developing countries took the form of loans (69% or USD 63.6 billion).,Neutral,0.0
"While no single instrument can solve a country’s debt situation, s everal climate-related financial instruments can help address both the climate finance needs and debt challenges of developing countries.",Positive,0.017857142857142856
"These include debt-for-climate and debt-for-nature swaps, climate resilient debt clauses (CRDCs), and SDRs, all of which have been used increasingly in recent years though with trade-offs and careful considerations are required in their application.",Negative,-0.05
"Debt swaps for climate and nature, applicable to both sovereign and commercial debt, convert debt obligations into grants, allowing countries to redirect funds from debt repayment to climate projects.",Neutral,0.0
"These swaps could help redirect USD 100 billion of debt in developing countries to nature restoration and climate adaptation, including USD 33.7 billion for LDCs.",Neutral,0.0
"CRDCs enable the temporary suspension, deferment or restructuring of debt payments when climate-related events, such as hurricanes or floods, occur.",Neutral,0.0
"By March 2024, the IMF had gathered about USD 8.4 billion in commitments for its Resilience and Sustainability Trust to support climate activities in developing countries.",Neutral,0.0
"Center for Economic and Policy Research (2024), The Rising Cost of Debt: An Obstacle to Achieving Climate and Development Goals IMF (2023),",Positive,0.05
"For more information see Finance Development Lab (2024), A bridge to climate action.",Positive,0.3
"OECD Data Explorer World Resources Institute (2023), Developing Countries Won’t Beat the Climate Crisis Without Tackling Rising Debt OECD (forthcoming), Global Debt Report 2025, OECD Publishing, Paris World Bank (2021), Debt Transparency in Developing Economies World Bank (2023), Preliminary Findings from the G-7 and Paris Club Countries Debt Data Sharing Exercise World Bank (2023), International Debt Report 2023

 9 UK Parliament (2023), Debt relief in low-income countries 38 IMF (2024), Hidden Debt Hurts Economies.",Negative,-0.05555555555555555
"Better Disclosure Laws Can Help Ease the Pain World Resources Institute (2023), Developing Countries Won’t Beat the Climate Crisis Without Tackling Rising Debt OECD Climate Finance Provided and Mobilised by Developed Countries in 2013-2022 IIED (2024), Debt swaps could release $100 billion for climate action : The value of debt-for-nature swaps has increased since 2020, particularly in countries like Belize, Barbados, Ecuador, and Gabon, although the number of swaps has not significantly risen.",Positive,0.1358333333333333
The New Collective Quantified Goal on Climate Finance (DRAFT)),Positive,0.13636363636363635
"Nonetheless, substantial efforts have been invested in technology transfer for climate.",Neutral,0.0
Technology-related climate development finance grew substantially from USD 13.3 billion in 2015 to USD 28.6 billion in 2019.,Neutral,0.0
"During this period, the proportion of climate-related activities with a technology transfer component increased from 27% to 36%.",Neutral,0.0
"Over the same period, mitigation-related technology transfer comprised 69% of the total technology-related climate development finance.",Neutral,0.0
"Debt instruments were the most frequently used financial tools for climate technology transfer projects, accounting for 68% of total development finance resources, while grants represented 30% and equity investments 2%.",Positive,0.15
"New and emerging areas Renewable energy and climate technologies can help developing countries transition towards more circular and greener economies Technological advances have significantly reduced the costs of some renewable energies, making them competitive with fossil fuels.",Positive,0.3371212121212121
"Technology transfer has been a major component in most adaptation projects carried out by the GEF in LDCs, addressing climate resilience in diverse fields including water management, disaster risk management, food security and agriculture, coastal management, and infrastructure development.",Positive,0.28125
"Author’s calculations based on OECD Data Explorer UN ECOSOC (2024), Global cooperation in science, technology and innovation for development UN ECOSOC (2024), Financing for Sustainable Development Report 2024 UN ECOSOC (2024), Financing for Sustainable Development Report 2024 (Suwanasri et al., 2015) WIPO (2023), The Global Innovation Index 2023 at a Glance UNCTAD (2024), Intellectual property: A potential game-changer for least developed countries Facts and Figures 2023 - The gender digital divide (itu.int) E_2024_54_Statistical_Annex_I_and_II.pdf (un.org) ITU (2023), Digital inclusion of all LSE (2022), Internet access as a tool for boosting economic and social equality TFM informal note by the Secretariat -17Oct2022 rev.pdf (un.org) UN General Assembly (2017), Resolution adopted by the General Assembly on 23 December 2016 UN Technology Bank for Least Developed Countries (n.d.), Strategic Plan 2022-2024 Technology transfer for Climate Mitigation and Adaptation (unepccc.org) UN ECOSOC (2024), Financing for Sustainable Development Report 2024 GEF (n.d.), GEF-8 Replenishment Pwc (n.d.), PwC’s Global Artificial Intelligence Study: Exploiting the AI Revolution World Bank (2024), Developing AI for development Borgonovi, F., et al. (2023), ""Emerging trends in AI skill demand across 14 OECD countries"", OECD Artificial Intelligence Papers, No. 2, OECD Publishing, Paris .",Negative,-0.0568627450980392
"PDBs are increasingly mobilising finance for climate adaptation, biodiversity, and social investments, while also exploring innovative financial tools like sustainability-linked bonds and debt swaps.",Positive,0.17777777777777778
"Despite growing awareness of their adverse impacts, the trend shows an alarming increase in these subsidies, complicating efforts to meet climate commitments and increasing fiscal costs.",Negative,-0.1
"Phasing out fossil fuel subsidies can alleviate fiscal burdens, freeing up resources for more productive investments in renewable energy, education, and healthcare, while aligning market signals with climate policy objectives.",Positive,0.5
Regional and local governments play a key role in achieving climate and environmental objectives and are responsible for the majority of total public spending significantly contributing to climate change adaptation and mitigation.,Positive,0.09583333333333333
"At current levels of investment, there will be a shortfall of USD 350 billion in financing in cities to meet climate targets in emerging economies per year.",Neutral,0.0
"The potential of guarantees in mobilising financing for sustainable development has been frequently highlighted in discussions about MDB reforms such as the G20 IEG Triple Agenda report, and harnessing this potential for allowing greater access to finance for cities can be an effective means to fight climate change.",Positive,0.19999999999999998
"There is a rise of UTMs including the Climate Border Adjustment Measures and the Deforestation Act which discriminate against developing countries by unilaterally imposing so- called sustainability standards on their exports, which threaten not only their exports but production processes within their economies.",Negative,-0.25
"Primarily, the Debt Convention should establish: A fair and transparent multilateral sovereign debt resolution mechanism, in order to deliver on sufficient debt restructuring and cancellation for the borrowing countries to be able to fulfil its international human rights obligations, achieve the SDGs, ensure gender equality, and implement the necessary climate actions.",Positive,0.24285714285714288
"Principles of responsible sovereign lending and borrowing, and promote legislation, both in lender and borrower countries, that mandates transparent and fair governance and management of sovereign debts New approach to debt sustainability framework and analyses (DSAs), ensuring that the assessment is aligned with human rights, climate and sustainable development needs, including ex-post and ex-ante gender, human rights and environmental impacts assessments and audits to identify illegitimate debts.",Positive,0.20727272727272722
"Automatic debt service cancellation mechanism that protects Global South countries from extreme climatic, environmental, economic, health, food and security shocks, and promotion of debt contract clauses that provide for sharing the risks of climate-related and other external shocks between lenders and borrowers.",Negative,-0.009999999999999998
"Characterised by exclusionary, profit-driven debt resolution processes, the existing global debt architecture prioritises debt servicing at the expense of human rights, SDGs, gender equality, and climate action.",Positive,0.03333333333333333
"Furthermore, debt cancellation should be unconditional and Member states should agree on eliminating detrimental loan conditionalities that divert crucial resources from ensuring sustained fulfilment of fundamental human rights, SDGs and climate action.",Positive,0.03333333333333333
"A reform of the Global Financial Architecture must be in line with ecological and climate standards, to promote the stability of the biosphere and bring all planetary boundaries back to a safe zone.",Positive,0.18
"Recommendation: Climate and environmental finance must be scaled up and commitments met in their entirety by historical climate and ecological debtor countries from the Global North, while funding should be additional to already existing ODA commitments.",Positive,0.13333333333333333
"We demand an urgent provision of adequate, high-quality, new and additional, public, grants-based climate and

Climate and environmental finance should center principles of Common But Differentiated Responsibilities (CBDR), equity, fair shares, human rights, gender equality, ecological integrity and system change, and guarantee direct access windows, especially for those groups that are in the frontline of the crises .",Positive,0.12696969696969695
"Within the unfulfilled 100-billion-dollar annual pledge, climate finance is unfairly increasing debt levels in Global South countries as 70% of international public climate finance is being delivered through loans tied to conditionalities with high interest rates.",Negative,-0.06799999999999999
"A Global Financing Framework - FfD 4 represents an opportunity to address the gaps and shortcomings in development finance, climate action, and the broader financial global governance system.",Positive,0.025
"In this regard, a robust political ambition to adequately finance development, nature, and climate action must be at the heart of the conference outcomes.",Positive,0.14444444444444446
"This ambition should pave the way for mobilizing the necessary financing to achieve the Sustainable Development Goals (SDGs) by 2030, empower all countries to fund climate resilience and sustainable development, and set clear and actionable expectations for the implementation of the commitments made during this conference.",Positive,0.049999999999999996
"Today, an estimated 85% of the SDGs are off track, stagnating, or regressing, with significant shortfalls in areas like poverty reduction, climate action, and inequality.",Positive,0.2375
"One of the most pressing needs is to bridge the financing gap, which is estimated to require between $3-4 trillion USD annually to meet global development and climate objectives by 2030.",Positive,0.25
"Developing countries, in particular, face severe challenges due to limited access to affordable financing, rising debt burdens, and insufficient domestic resource mobilization, which undermine their capacity to invest in critical sectors like health, education, infrastructure, and climate resilience.",Negative,-0.005952380952380954
"-While respecting the mandates of all involved organizations, FfD 4 must underscore the legitimacy of the United Nations in the realm of development and climate financing.",Neutral,0.0
"Strengthening the UN’s role is essential for driving inclusive, transparent, and fair development financing solutions that are critical for achieving the Sustainable Development Goals (SDGs) and advancing climate action.",Positive,0.19999999999999998
7. Bringing tax policy issues into the negotiations on climate change.,Neutral,0.0
"This could include earmarking green tax receipts to support the advancement of national climate goals, possibly through the integration into tax regulations of the Nationally Determined Contributions (NDCs) agenda.",Negative,-0.1
"MDBs are crucial in providing affordable, long-term financing to developing countries, supporting their efforts to achieve the Sustainable Development Goals (SDGs) and adapt to climate change.",Positive,0.125
"However, current MDB funding levels are insufficient to meet the estimated $3-4 trillion needed annually to address global development and climate challenges.",Neutral,0.0
"This is crucial to ensure that MDBs are equipped to meet the growing demands for financing by 2030, especially in areas such as climate resilience, infrastructure, and inclusive economic growth.",Positive,0.05
"Regular replenishments for concessional lending arms, anchored in the resource reviews, will allow MDBs to meet development and climate goals more effectively.",Positive,0.3666666666666667
"Many countries, particularly in the Global South, face severe liquidity constraints in times of economic, health, or climate-related crises, limiting their ability to respond effectively without incurring unsustainable debt.",Positive,0.29333333333333333
"This fund would provide financing at below-market rates, helping countries manage currency fluctuations and climate risks without the burden of stringent conditionalities.",Neutral,0.0
"Strengthening RFAs would provide countries with regionally tailored support, allowing for quicker and more effective responses to financial and climate crises.",Positive,0.3666666666666667
"SCDIs, such as those with natural disaster clauses, provide temporary debt service relief when countries face external shocks like climate disasters.",Positive,0.03333333333333333
"As climate risks and other shocks increase, promoting the use of well-designed SCDIs in debt restructurings could significantly enhance long-term debt sustainability, reduce default risks, and improve fiscal resilience.",Positive,0.125
"FfD 4 should also push for the official recognition of the Vulnerable Group of 20 Finance Ministers at the IMF and WBG, amplifying the voices of countries most impacted by financial and climate crises.",Neutral,0.0
"This will require bold reforms, enhanced international cooperation, and a long-term commitment to ensuring that all countries, particularly those most vulnerable, have the tools and resources needed to achieve their development and climate goals.",Positive,0.1
The most recent call to phase out inefficient fossil fuel subsidies was made at the 2021 Glasgow Climate Pact.,Positive,0.25
"By 2020, increase the number of cities and human settlements adopting and implementing integrated policies and plans for inclusion, resource efficiency, climate change mitigation and adaptation, and disaster resilience.",Neutral,0.0
Target 13.1 Strengthen resilience and adaptive capacity to climate- related hazards and natural disasters in all countries SDG indicator 11.3.1 Ratio of land consumption rate to population growth rate.,Positive,0.05
"Of these countries, 122 have indicated that ""promoting policy coherence and alignment with the SDGs and the Paris Agreement"" is a central component of their national disaster risk reduction (DRR) strategies, highlighting the significance of incorporating climate resilience and sustainable development.",Neutral,0.0
"(UN-Habitat) To meet climate targets, USD 29.4 trillion will be needed in cities in emerging economies between 2018 and 2030.",Neutral,0.0
(OECD) Municipal green bonds Municipal green bonds are debt securities issued by subnational governmental entities that are labelled green to signal to the financial market a climate- and environment- related investment.,Negative,-0.12000000000000002
"https://www.oecd.org/en/publications/oecd-secretary-general-tax-report-to-g20-finance-ministers-and-central-bank-governors-g20-brazil-july-2024_3bacc6e8-en.html https://www.oecd.org/en/topics/sub-issues/country-by-country-reporting-for-tax-purposes.html https://www.oecd.org/en/publications/oecd-secretary-general-tax-report-to-g20-finance-ministers-and-central-bank-governors-g20-brazil-july-2024_3bacc6e8-en.html Tax co-operation | Compare your country E/RES/2017/3 https://star.worldbank.org/sites/default/files/2024-04/StAR-annual-2023-06%20%281%29.pdf and https://star.worldbank.org/star-brochure-0 Asset Recovery Watch Database | Stolen Asset Recovery Initiative (StAR) (worldbank.org) https://unctad.org/system/files/official-document/ditccom2023d3_en.pdf https://eiti.org/sites/default/files/2023-06/EITI%2020th%20Anniversary%20Report-%20web.pdf Tax co-operation | Compare your country E/RES/2017/3 https://www.tiwb.org/resources/reports-case-studies/tax-inspectors-without-borders-annual-report-2024.pdf https://financing.desa.un.org/sites/default/files/2024-07/Revised%20draft%20ToR_18%20July%202024.pdf https://insai.worldbank.org/sites/default/files/2021-07/InSAI%202021%20Final%20Report_1.pdf https://internationalbudget.org/wp-content/uploads/IBP-OBS-Global-Report-2023-v4-Final-Artwork.pdf https://www.pefa.org/resources/supplementary-framework-assessing-gender-responsive-public-financial-management-0 https://www.iea.org/topics/energy-subsidies

DRAFT https://unhabitat.org/sites/default/files/2023/11/unlocking_the_potential_of_cities_-_financing_sustainable_urban_development_-_06-min.pdf https://africapolis.org/en https://www.oecd.org/en/publications/city-shapes-and-climate-change-in-africa_a944a930-en.html https://www.oecd-ilibrary.org/development/boosting-african-cities-resilience-to-climate-change_3303cfb3-en https://sdg-action.org/bridging-the-sdg-funding-gap-in-cities/ https://journals.sagepub.com/doi/full/10.1177/09562478241230290 https://www.cgdev.org/sites/default/files/miga-little-engine-should.pdf",Neutral,0.0
"No stakeholder partnerships to strengthen country-driven capacity building and human resource development (including Target 17.9 Enhance international support for implementing effective and targeted capacity building in developing SDG indicator 17.9.1 Dollar value of financial and technical assistance (including through North-South, South-South and triangular co-operation) committed to developing countries Between 2019-22, the number of South-South co-operation activities reported under total

DRAFT gender-responsive budgeting, financial implement all the SDGs, including regulation, climate services, etc.) in through North-South, South-South developing countries, including LDCs, and triangular co-operation LLDCs, SIDS, African nations, and countries in conflict or post-conflict situations.",Positive,0.075
"Strengthening institutional capacity and human resource development, emphasising the importance of national capacity-building efforts in developing countries across areas such as public finance, social and gender-responsive budgeting, agriculture, debt management, climate services, and water and sanitation.",Positive,0.008333333333333333
"See para 35 in the international and domestic private business and finance statistical annex for the latest progress report on the ten-year framework of programmes on sustainable consumption and production patterns (ECOSOC, May 2024) or the OECD report on climate finance provided and mobilised by developed countries in 2013-21.",Positive,0.12
"(OECD Data Explorer – DAC5) ODA in support of marine technology in developing countries ODA in support of the ocean economy remained flat at roughly USD 2.6 billion in both

DRAFT 122 Strengthen coherence and synergies among UN initiatives such as the Commission on Science and Technology for Development, the UN Framework Convention on Climate Change Technology Mechanism, the Climate Technology Centre and Network, the W IPO’s capacity building, and the UN Industrial Development Organization’s No n.a. n.a.",Negative,-0.041666666666666664
"The Intersection of Development and Climate Finance Both development and climate finance are insufficient to meet current challenges, especially as countries seek to become more climate resilient.",Positive,0.16666666666666666
Large investment gaps also remain in key geographies and climate-vulnerable populations.,Positive,0.10714285714285714
"This includes supporting distributed renewables, climate-smart agriculture, green value chains, and nature-based solutions — areas that are important for the transformation to net 0, for supporting social reproduction activities, and for closing some gender gaps in production.",Positive,0.12222222222222222
A high priority for both development and climate adaption finance is support for care work.,Positive,0.16
Climate hazards only increase the need for care in terms of sudden illnesses and unexpected disabilities.,Positive,0.03333333333333333
"Climate change also damages care infrastructure; for instance, extreme weather events such as severe flooding and hurricanes, cyclones, or typhoons impair care facilities (e.g., hospitals, clinics, daycare centers, nursing homes, and schools) and stop or disrupt their operations (Floro and Poyatzis 2019).",Negative,-0.0625
"Climate change also reduces access to important inputs for care, such as water, food and safe shelter.",Positive,0.3
"The climate change crisis and care deficits cannot be solved in silos, as has been the case to date.",Neutral,0.0
"Fiscal policies linking revenue stability and public expenditure design, inter-governmental fiscal transfers, and ecological fiscal transfers to sub-national are critical for integrating climate and care finance at the local level, where care and adaptation efforts are concentrated.",Positive,0.1
"To monitor the impact of public climate and development finance, both climate and gender budget tracking can be strengthened.",Neutral,0.0
This tool can also be applied to climate finance adaptation costing methodologies.,Neutral,0.0
"Climate change, natural disasters, and the spillover effects on unpaid care: The case of Super-typhoon Haiyan.",Positive,0.15000000000000002
Health Effects of Climate Change.,Neutral,0.0
"Current Climate Change Reports, 1, 144-154.",Neutral,0.0
Gendered impacts of climate change: Evidence from Asia.,Neutral,0.0
"Addressing unsustainable debt burdens: With an analytical base provided by reformed debt sustainability assessments, public and multilateral creditors should grant significant debt relief that puts countries on a path to achieving development and climate goals, while private and commercial creditors should be brought to participate in debt relief through a mixture of carrots and sticks.",Negative,-0.054166666666666675
"3. Reforming concessionality to align with vulnerability: FfD 4 should encourage a norm that eligibility for concessional finance should be based on multidimensional criteria relevant to the objective of the fund, including climate vulnerability and debt distress.",Positive,0.2
Debt service payments are at an all-time high and are crowding out investment in development and climate.,Positive,0.16
"Creation of new, permanent institutions to tackle sovereign debt are unlikely to be politically viable in the near-future, with the urgency of meeting development and climate goals demanding a more feasible approach.",Positive,0.03409090909090909
"First, public and multilateral creditors should grant significant debt reductions that not only bring a distressed country back to debt sustainability but put the country on a path to achieving development and climate goals — in a manner that preserves the financial health and credit rating of multilateral institutions.",Positive,0.103125
"All three pillars would be calibrated to align with enhanced debt sustainability analyses, which — unlike the current IMF and World Bank model — would account for the level of investment needed to meet global climate and development goals agreed upon under the auspices of the United Nations.",Neutral,0.0
"First, meeting climate change and development goals demands a ramping up of investment, and this investment push will require low-cost, long-term finance that MDBs’ are uniquely placed to pro vide due to their development mandate and ability to borrow at low interest rates.",Positive,0.125
"In aggregate, these reforms should produce an additional $390 billion each year, the amount the G20 Independent Expert Group estimated would be necessary to meet climate and development goals.",Neutral,0.0
"However, climate vulnerability — which correlates with but is distinct from countries’ incomes— remains an extremely underutilized basis for allocating concessional finance.",Positive,0.0875
"While national income metrics will typically be one such factor, depending on the purpose of the concessional fund, other dimensions should include debt distress, climate vulnerability, or other sources of vulnerability like fragility, conflict, and violence.",Negative,-0.10416666666666666
"ISDS also creates significant risks to climate policy and financing for development: our research finds that if countries take 1.5C aligned action to eliminate new fossil fuel extraction and development projects, ISDS claims from oil and gas asset owners could amount to as much as $340 billion.",Positive,0.20284090909090907
"First, the 2021 allocation showed the importance of SDRs, and FfD 4 can encourage more regular use of SDRs to address chronic liquidity challenges facing developing countries, challenges that exogenous shocks and climate change severely exacerbate.",Positive,0.25
"The situation is further exacerbated by environmental impacts and climate change, which could force 216 million people across six continents to move within their countries by 2050 (World Bank Groundswell Report, 2021).",Neutral,0.0
Leverage the contributions of the diaspora and diaspora investment The Addis Ababa Action Agenda and the Paris Agenda for People and Planet both called for greater exploration of private capital as a key solution to finance sustainable development and climate adaptation.,Positive,0.15
 Leverage diaspora investment and remittances to strengthen climate resilience and drive innovation for a just and sustainable green transition for communities and countries more vulnerable to adverse impacts of climate change.,Negative,-0.06666666666666667
"International Development Cooperation – Climate Finance Bring Human Mobility to the Forefront of Climate Financing Migrants and displaced populations are among the most vulnerable groups affected by the impacts of climate change and often live in areas that are highly exposed to floods, droughts, and hurricanes.",Positive,0.0493939393939394
"The climate emergency is forecast to push 130 million people into extreme poverty by 2030 (Impact of Climate Change on Extreme Poverty by 2030, World Bank. 2020), undoing much of the progress in the last decade, and result in 200 million climate migrants by 2050.",Negative,-0.012499999999999997
"On the financing side, climate adaptation costs for developing countries are forecast around USD 340 billion per year by 2030.",Neutral,0.0
"At the Summit of the Future, Member States identified that developing countries are particularly vulnerable to the adverse impacts of climate change and called for developing countries to have access to finance that allows them to make progress towards the 2030 Agenda and that addresses climate change.",Negative,-0.25
"The direct consequences of the climate crisis with droughts, flooding, rising sea levels and extreme temperatures was discussed by Member States at the African Climate Summit in September 2023.",Negative,-0.008333333333333331
Meeting climate mitigation and development goals has the potential to reduce climate-induced displacement by up to 80%.,Neutral,0.0
"In the nexus of climate change, financing and human mobility, there is an increased need for much greater financial support to assist governments and their citizens adapt to and mitigate the adverse impacts of climate change.",Positive,0.16666666666666666
" Consider and integrate the human mobility scope of the Fund for Responding to Loss and Damage, especially for countries and communities with greater vulnerabilities to adverse impacts of climate change: o To scale-up the finance needed to address increasing climate-induced displacement.",Positive,0.1375
" Building on IOM’s technical guidance to the UNFCCC, integrate climate mobility considerations into national adaptation plans, and thereby associated financial plans.",Neutral,0.0
"IOM strongly supports states’ engagement in regional initiatives in this regard, such as the Pacific Regional Framework on Climate Mobility.",Positive,0.21666666666666667
"IDP hosting countries often face competing priorities and a multitude of development related challenges including weak economic growth, high debt, large unemployment and vulnerability to external shocks such as food and oil price inflation and climate- related risks.",Positive,0.024910714285714286
"Trade and environmental transformation: In 2021-22, bilateral donors committed USD 20 billion to climate-related Aid for Trade, which accounted for 67% of total pledges.",Neutral,0.0
"Trade agreements increasingly include sustainability considerations – for instance the 2024 Agreement on Climate Change, Trade and Sustainability – although the harmonisation of standards and carbon border adjustment mechanisms remains a challenging issue.",Positive,0.5
Africa: The African Continental Free Trade Area Investment Protocol - The start of a new era in sustainable trade and investment - Baker McKenzie InsightPlus Climate finance solutions for developing countries | McKinsey Trade Drives Gender Equality and Development (imf.org) https://www.wto.org/english/res_e/publications_e/wto_wbjointpublication_e.htm,Positive,0.1787878787878788
"Adapting Agriculture to Climate Change , OECD Publishing, Paris, https://doi.org/10.1787/b14de474-en.",Neutral,0.0
"Adapting Agriculture to Climate Change , OECD Publishing, Paris, https://doi.org/10.1787/b14de474-en.",Neutral,0.0
"Populations, including children, need to be better served by stronger, shock responsive and risk informed social sectors and humanitarian response that is coordinated and prioritizes strengthening of public and humanitarian finance management; to improve the performance of all spending on social services from all promote the harmonization of humanitarian, development, and climate finance from all sources (public, private and international) , while ensuring linkages and alignment across the Humanitarian, Development and Peace Nexus ensuring timely response and recovery.",Positive,0.08095238095238096
"UNICEF Pakistan - estimating the economic losses from shocks and the costs of recovery, including investments to build long-term resilience from climate change related disasters.",Positive,0.1
"UNICEF Honduras supported the development of an integrated climate change resilience and child-sensitive social sector financing strategy, forming the basis of a 2023 proposal to access USD 17 million from the Green Climate Fund to reduce climate related child fragility.",Negative,-0.05555555555555556
"Specific policy solutions call to - Align and harmonize all types of finance, including climate finance, to improve performance of response and recover; leverage private sector engagement to mobilise funds for social services, Disaster Risk Reduction (DRR), Climate Change Adaptation (CCA), Anticipatory Action (including market-based ex-ante financing instruments), and to address critical system bottlenecks to promote resilient development.",Positive,0.026666666666666665
"They also enable people to acquire assets, start businesses and strengthen their livelihoods, and enhance resilience to climate-related challenges.",Neutral,0.0
"By addressing these areas, the donor community and policymakers can create an environment that maximizes the benefits of remi<ances and diaspora investments, reduces costs and supports sustainable development, climate resilience and economic stability in LMICs.",Positive,0.2
"❖ Climate change could cost the world economy an estimated USD 38 trillion per year by 2050, which would translate to a loss of 19% in income per capita around the world.",Neutral,0.0
"The Resilience and Sustainability Trust, created in 2022, helps countries build resilience to macroeconomic risks arising from longer-term structural challenges, including climate change and pandemic preparedness.",Neutral,0.0
"Bridgetown 3.0, , the United Nations SDG Stimulus and the Paris Pact for People and the Planet collectively call for a comprehensive reform of the international financial architecture to enhance support for climate action, sustainable development and economic resilience in vulnerable and developing countries.",Negative,-0.039999999999999994
"For instance, the absence of global co-ordination and policy coherence is hampers developing countries ’ access to climate finance and the equitable management of shared resources.",Negative,-0.00625
"Emerging threats now include climate change, pandemics, and high debt levels as well as risk posed by artificial intelligence and cybersecurity vulnerabilities.",Negative,-0.21999999999999997
Climate change and biodiversity loss present a key systemic risk.,Neutral,0.0
Climate change presents a major systemic risk.,Positive,0.0625
"If no additional measures are taken to address climate change, the negative impact on global annual GDP could range from 1.0% to 3.3% by 2060.",Negative,-0.15
"At COP27 in 2022, a Loss and Damage Fund was established with the aim of providing financial assistance to countries most vulnerable to and impacted by the effects of climate change.",Neutral,0.0
"There is widespread acknowledgement of the need to assess, manage and mitigate the financial vulnerabilities due to climate change, commonly referred to as climate-related financial risks.",Negative,-0.10625
"In 2021, the FSB published a comprehensive roadmap to address climate-related financial risks in four key policy areas: firm-level disclosures, data, vulnerabilities analysis, and regulatory and supervisory practices and tools.",Neutral,0.0
"Starting in 2015, the now-disbanded Task Force on Climate-Related Financial Disclosures coordinated efforts to improve climate-related disclosures, and the International Sustainability Standards Board currently leading follow-up efforts.",Neutral,0.0
"Systemic issues_Concept Note.pdf , UN ECOSOC, 2023, Progress towards the Sustainable Development Goals, Report of the Secretary-General Supplementary Information UN ECOSOC, 2023, Progress towards the Sustainable Development Goals, Report of the Secretary-General Supplementary Information Financial Stability Board (2023), Global monitoring report on non-bank financial intermediation This refers to countries that have Adhered to the OECD Council Recommendation on Policy Coherence for Sustainable Development, see: https://legalinstruments.oecd.org/en/instruments/OECD-LEGAL-0381 Nature (2024), The economic commitment of climate change .",Positive,0.05
"Safeguarding Financial Stability amid High Inflation and Geopolitical Risks OECD (2015), The Economic Consequences of Climate Change United Nations Environment Programme.",Positive,0.12
"These efforts are essential to realizing the Addis Ababa Action Agenda, the 2030 Agenda for Sustainable Development, and the Paris Agreement on Climate Change.",Positive,0.05
Mandatory frameworks help align corporate action with broader societal goals and thus driving more meaningful progress towards sustainability and climate commitments.,Positive,0.275
"This was evidenced by the endorsement by the International Organization of Securities Commissions (IOSCO) who called on its members to consider ways in which they might adopt, apply or otherwise be informed by the ISSB Standards within the context of their jurisdictional arrangements, in a way that promotes consistent and comparable climate-related and other sustainability-related disclosures for investors.",Positive,0.041666666666666664
"This would accelerate progress toward the SDGs and climate goals, empowering businesses, investors, and policymakers to make informed decisions that drive business resilience and sustainable development.",Neutral,0.0
"Recommendation 4: Member States should implement robust corporate tax transparency standards, recognizing tax as a primary tool to support fiscal policies and fundamental for financing the sustainability and climate transition.",Positive,0.2
"This alignment not only promotes greater transparency towards private sector contribution to sustainable development but also equips stakeholders with reliable, decision-useful data that fosters investor confidence and directs private sector contributions towards achieving the Sustainable Development Goals and shared climate goals.",Positive,0.125
"To date, the 34 GRI topical standards allow an organization to report on its most significant impacts on specific topics such as climate change, biodiversity, employment, tax.",Positive,0.175
"To illustrate the interoperability efforts underway, in 2024, GRI and IFRS published a mapping resource highlighting the interoperability of climate reporting .",Neutral,0.0
"Interoperability with other initiatives and due diligence Interoperability with other initiatives is also actively pursued, such as, for instance, with the CDP, UN Global Compact’s Communication on Progress, the Taskforce on Climate-related Financial Disclosures (TCFD), the Taskforce on Nature-related Financial Disclosures (GRI-TNFD interoperability mapping .",Negative,-0.06354166666666666
Mobilising Domestic Capital to Drive Climate-Positive Growth – (pages 2-6): which shows that scaling domestic investment for climate will be critical to tackle the $1.8 trillion financing gap each year for climate in Emerging Markets and Developing Economies (EMDEs).,Neutral,0.0
"The widespread recognition of the imperative for climate action, coupled with growing investment opportunities, creates powerful momentum for co- ordinated action to successfully strengthen financial markets.",Positive,0.25
Implementing this action agenda over the next 24 months could help capture significant opportunities for long-lasting climate- positive growth that creates jobs and help deliver the sustainable development goals.,Positive,0.17556818181818182
"2. Better Guarantees, Better Finance –(pages 7-10): which calls for bigger and better guarantees that can help unlock $2.4 trillion a year in emerging markets for climate.",Positive,0.375
"To narrow the climate finance funding gap, leaders should commit to scaling existing guarantee products and creating new green guarantee facilities which can mobilise private capital in developing countries to accelerate the transition to net zero.",Negative,-0.052727272727272734
"A smarter use of public capital in guarantee products which address credit and currency risks, are streamlined to reduce transaction costs and which are structurally linked to project development can help meet the 5x scale up in climate finance which is needed in emerging markets for sustainable and inclusive growth.",Neutral,0.0
"Better Accountability, Better Finance (pages 11-15): calls for stronger accountability and transparency in climate finance to unlock the trillions of dollars needed to help the world achieve climate-positive growth and development goals.",Positive,0.5
"“Green Accountability” could save more than $100bn a year across public climate finance flows and avoid 3GT of annual GHG emissions, by improving the current system in which some 75% of committed funds remain unspent or undeployed.",Positive,0.075
"The report proposes new “Green Accountability” practices that give domestic institutions, local communities and civil society groups a central role in climate finance disbursement, thereby improving transparency, ensuring funding responds to needs on the ground and building trust at all levels of international climate finance.",Negative,-0.01060606060606061
"The five-point blueprint for a robust and efficient climate finance system includes improving transparency through open and real-time data monitoring channels and providing direct access to climate finance for local projects, giving local communities and civil society better access to climate finance and more decision-making power in planning and delivery.",Positive,0.18333333333333335
"Sincerely, The Blended Finance Taskforce

A C T I O N A G E N D A MOBILISING DOMESTIC CAPITAL TO DRIVE CLIMATE-POSITIVE GROWTH

EXECUTIVE SUMMARY Mobilising private domestic capital at scale can act as a super-lever for long-lasting development and contribute to closing the climate financing gap Emerging Markets and Developing Economies (EMDEs) are home to some of the best climate investment opportunities in the world.",Positive,0.3
Positive economic and technological tipping points are increasingly making climate-positive solutions in EMDEs commercially attractive.,Positive,0.4090909090909091
Yet only a fraction of the $17 trillion AUM in EMDEs is invested in climate action.,Positive,0.05
"With an estimated ~$1.8 trillion finance gap for climate in EMDEs, mobilising growing pools of domestic savings is a priority.",Neutral,0.0
"Unlocking domestic capital for climate action can trigger positive tipping points for growth in EMDEs Exhibit 1:

Mobilising a growing pool of domestic capital could ultimately halve the existing climate investment gap.",Positive,0.06545454545454546
"We estimate that these domestic capital pools could increase by about $1.5 trillion a year to $45 trillion in 2040, linked to measures to grow and deepen national financial markets and underlying economic growth, which could be increased if domestic capital is invested in climate-aligned infrastructure and other assets.",Positive,0.015000000000000003
"Based on this growth forecast, if approximately 20% of annual private domestic capital flows are invested in climate-aligned assets and firms by 2030, that translates into domestic capital investments of $900 billion per year.",Negative,-0.1
This would effectively halve the ~$1.8 trillion annual investment gap for climate action in EMDEs as well as generate significant economic value.,Positive,0.31875
"Currently, three key barriers prevent domestic capital from being invested at speed and scale into climate action, which puts the brakes on the virtuous growth cycle.",Positive,0.025
"First, the domestic enabling environment does not yet create sufficient market incentives to develop and invest in climate-positive assets, especially where liquidity and exits are an issue.",Positive,0.08333333333333333
"Second, domestic financial markets in many EMDEs tend to be relatively small and financial regulation is not yet fit- for-purpose to encourage investment into climate-related projects, especially if the capital markets are not deep.",Positive,0.07222222222222223
Deepening financial markets and growing climate-positive assets requires collaboration between the public and private sector locally and regionally.,Neutral,0.0
National action plans for accelerating climate-positive growth through domestic capital can be based on three essential levers:,Positive,0.03333333333333333
"1. Grow climate-positive assets , by designing and implementing national and sectoral economic investment plans, implementing policies to support robust project pipelines and enhancing the capacity of domestic stakeholders, especially local pension funds..",Positive,0.06666666666666667
2. Strengthen local financial markets by growing their size and liquidity and updating financial regulation to enable investments which contribute to climate- positive growth.,Positive,0.056818181818181816
Local financial market strategies should in support of nationally-driven efforts by scaling local be developed in support of climate investment plans and currency solutions and tailoring catalytic blended country financing platforms.,Positive,0.025
"To effectively deliver banks and credit rating agencies will be crucial to growing this agenda, these three levers should be developed in an and unlocking domestic capital for climate-positive growth.",Positive,0.175
"B Strengthen local financial markets Increase size & liquidity of financial markets Update financial regulation to facilitate sustainable finance flows Key actions A Grow climate- positive real economy assets Design national and sectoral economic investment plans Tailor catalytic finance instruments to domestic investors Build capacity among domestic stakeholders Scale instruments that enable local currency transactions Design & Deploy catalytic finance more effectively C

Real world examples show that implementing these levers is inherently feasible; this action agenda is about scaling and replicating them in a systematic way.",Positive,0.10194805194805194
"Countries from South Africa to Brazil and Barbados have developed fully-costed, national investment plans and developed “country platforms” to grow the pipeline of climate positive assets implemented ambitious regulatory changes to while creating jobs and raising profile with investors.",Positive,0.1693181818181818
"By driving climate-positive growth, these plans also identify ways of paying for the growing costs of climate change, including investments in resilience and adaptation.",Neutral,0.0
"BETTER GUARANTEES, BBEETTTTEERR FFIINNAANNCCEE

Mobilising capital for climate action is one of the most important levers to drive sustainable and inclusive growth while preventing catastrophic warming and protecting critical ecosystems.",Positive,0.3
"Estimates vary, but at least $2.4 trillion is needed each year by 2030 for climate action in Emerging Markets and Developing Economies excluding China (EMDEs).",Negative,-0.09999999999999999
Less than 20% of that is flowing in climate finance to EMDEs today.,Negative,-0.16666666666666666
"Capital from philanthropy and donor governments (directly or via development banks, climate funds and other intermediaries) will be insufficient to close this gap.",Negative,-0.012499999999999997
The current financial system architecture does not result in the risk-return models that put climate action at the heart of capital allocation.,Positive,0.03333333333333333
Achieving a 5x scale up in climate finance in the short term requires addressing two key barriers to unlock private capital: 1. 2.,Neutral,0.0
Recent progress to reform the international finance system is already helping accelerate private capital mobilisation for climate by creating a greater institutional focus.,Positive,0.125
This includes calls for a transformational increase in the amount of public capital committed to climate combined with a push for a more catalytic use of that capital to unlock multiples of additional investment in EMDEs.,Positive,0.25
Reimagining the way public capital is used (including funds flowing through the MDBs) to unlock private capital for climate requires a broader look at the product offering and following principles for KEY MMEESSSSAAGGEESS Project pipeline: Real economy investment opportunities in EMDEs are still poorly understood by the private sector.,Negative,-0.028571428571428574
"This increases the perception of

On average, MDBs mobilise less than 30 cents of private capital for every public dollar spent on climate (a mobilisation ratio of 0.3 to 1).",Negative,-0.08333333333333333
"While mobilisation ratios across different pools of public capital are often difficult to measure and compare, risk-sharing mechanisms which can mobilise private capital for climate tend to be under-utilised.",Negative,-0.125
Guarantees are one example of a proven catalytic instrument that reduce an investor’s exposure to risks and can unlock private capital in EMDEs for low carbon infrastructure and other climate solutions.,Negative,-0.041666666666666664
"Guarantees can mobilise five times more private capital than other instruments like loans, yet they make up only 4% of MDB commitments (compared to ~70% of MDB climate portfolios being loans – a critically important instrument, but one with low mobilisation ratios).",Positive,0.12916666666666668
"If reforms over the next five years lead to a tripling in climate finance from MDBs and DFIs, and if mobilisation ratios increase to $1.50 of private capital for every public dollar on average, we estimate there will still be a climate finance gap of $1.5 trillion a year in EMDEs.",Negative,-0.0375
"To meet the scale and urgency of the challenge, this paper advocates for a massive increase in the use of catalytic guarantees to mobilise private capital for climate.",Neutral,0.0
"This paper lays out recommendations to tackle barriers to access guarantees, explores the benefits of different guarantee structures and offers a set of design principles for better climate finance instruments including streamlining governance, allowing more flexibility in product structuring, better accountability and closer connection to national planning, local investors and pipeline development.",Positive,0.26666666666666666
"Include a climate mobilisation mandate for public capital (with appropriate safeguards) Scale and accelerate access to guarantees at existing institutions Develop new global green guarantee platforms targeting higher mobilisation, lower transaction costs and a structural link to project preparation

The paper includes a worked example, demonstrating what a fit-for-purpose green guarantee facility could look like.",Positive,0.06948051948051946
We estimate that a new global green guarantee facility designed using the principles set out in this paper could mobilise at least $30 billion of private capital for climate in EMDEs with a $1 billion grant funding commitment.,Negative,-0.07272727272727272
Developing new green guarantee facilities could take longer but can offer a blueprint for what fit-for-purpose climate finance vehicles in EMDEs should look like – helping drive broader reforms to tackle barriers to access de-risking products.,Negative,-0.03181818181818183
"Although global climate has increased substantially over the past decade, it is still far from the $2.4 trillion per year needed for climate action in emerging markets and developing economies.",Negative,-0.012499999999999997
"Green Accountability is an approach to achieving transparent, inclusive and representative decision- making across the lifecycle of climate finance commitments.",Negative,-0.2
"By meaningfully integrating the right stakeholders in decision-making, Green Accountability ensures better design of climate finance, leading to higher-quality, longer-lasting outcomes.",Positive,0.2714285714285714
"And by shifting the focus from supply of climate finance to demand, this approach supports a more efficient and responsive set of solutions.",Positive,0.5
Preliminary analysis indicates that a climate finance system which meaningfully integrates Green Accountability could save more than $100 billion a year and avoid 3 gigatons (GT) of annual GHG emissions by ensuring: KEY MESSAGES Capital committed reaches the end user:,Positive,0.2
"Today, 75% of committed climate funds are not deployed on time, delaying their impact and reflecting a high perception of risk, a limited pipeline and a lack of data.",Positive,0.04428571428571429
"Capital deployed achieves intended outcomes and impact: When poorly designed, programs can create new problems or exacerbate existing issues; one in six adaptation projects are at risk of maladaptation due to a lack of Green Accountability—increasing vulnerabilities to climate change, rather than reducing them.",Negative,-0.1471590909090909
"III. I. II. 08

Allocating just 5-10% of funds to ensure programs are designed and executed on the basis of Green Accountability principles would significantly improve the efficiency of climate finance, avoiding significant costs and wasted funds.",Positive,0.08750000000000001
Investing in Green Accountability will drive better climate finance outcomes for people and planet while using capital more efficiently.,Positive,0.26666666666666666
Equipping climate finance providers with an understanding of what Green Accountability means and which partnerships can help achieve it will be fundamental to realizing the benefits.,Negative,-0.2
Citizens and civil society will play a crucial role in co-creating systems for accountable climate finance that shift decision-,Neutral,0.0
"Drawing on learnings from climate projects and the broader development finance community, and applying a systems-thinking approach, we have identified examples of Green Accountability mechanisms that could be replicated across the climate finance ecosystem.",Negative,-0.2
"Multiple advocacy channels for civil society and citizens to participate in all parts of climate finance, from planning to independent monitoring and reporting, including involvement and oversight of government accountability actors.",Neutral,0.0
Direct access to climate finance for local stakeholders to play an active role in implementation.,Negative,-0.011111111111111108
"Governance mechanisms which integrate local decision-makers to improve the upfront design of climate finance based on the demands of local stakeholders, ensuring meaningful agency in program design and implementation.",Positive,0.16666666666666666
"The trillions that should be spent on climate action in the next decade offer a unique opportunity for not just bigger, but also better climate finance flows.",Positive,0.14583333333333334
"The time is now to shift agency from the providers to the beneficiaries, to create a more fit-for-purpose climate finance system.",Positive,0.5
"Better Accountability, Better Finance

$27-58bn Green Accountability Currently the climate finance system is not working – it is inefficient, insufficient and unfair.",Positive,0.06000000000000001
"is an approach to achieving transparent, inclusive and representative decision-making across the lifecycle of climate finance commitments.",Neutral,0.0
"It builds systems embedding the principles of being demand-driven, transparent, market-building, responsive and accessible across all levels of governance and engagement in climate finance.",Positive,0.375
Systematically integrating Green Accountability principles can help tackle these critical issues by: of private capital is mobilized from every dollar of public capital across all public finance maladaptation costs by 2030 of climate finance g oes to adaptation of committed climate finance is not disbursed to projects of climate finance wastage $1 $100bn 75% 10% ~20-45% Less than Around Save more than Save Avoid Less than Reduce by Mitigate 1. 2. 3.,Negative,-0.004166666666666669
"Green Accountability could: 10

Clarity on the sources of climate finance, in what form, with what conditions; spending should be transparent with mechanisms to account for, communicate and challenge results.",Negative,-0.2
"Decisions on the design & deployment of climate finance should be made by the end-user (in partnership with the capital provider), responding to the needs of those most affected by climate change, ensuring solutions are fit- for-purpose.",Positive,0.45
Deployment mechanisms should be domestic where possible to build institutional capacity Climate finance should be flexible enough with and collective expertise across end-users and ensure climate finance is deployed systemically to avoid siloed solutions.,Neutral,0.0
Governance mechanisms which integrate local decision-makers to improve the upfront design of climate finance based on the demands of local stakeholders to ensure meaningful agency in programme design and implementation.,Positive,0.16666666666666666
"Processes to access climate finance should be simplified, with streamlined decision-making and standardization across providers to reduce prohibitive transaction costs which bias certain groups and exclude others from accessing climate finance.",Positive,0.21428571428571427
Direct access for local stakeholders to access climate finance and play an active role in implementation.,Negative,-0.011111111111111108
"Public sector debt has surged while private sector risk appetite has waned, further widening the funding gap needed to achieve the Sustainable Development Goals (SDGs) and climate targets in emerging markets and developing economies (EMDEs).",Neutral,0.0
"Strengthening partnerships with and ensuring the representation of local communities at decision-making levels,

makes investments more tailored to socio-economic challenges, creating resilient markets and better outcomes for climate and people.",Positive,0.3333333333333333
Evidence shows that well-designed policies can stabilise climate and promote economic inclusion .,Positive,0.2
"Empower Local Actors in Emerging Markets: Catalyse Global Impact a. Local Initiatives: Mobilise Domestic Capital for Measurable Impact Locally-led solutions are essential to achieve climate resilient economies and societies , which improve lives for all.",Neutral,0.0
"SMEs are the backbone of economies, driving both employment and climate resilience, highlighting the role of the real economy for sustainable development.",Positive,0.2
"It will support SMEs in sectors like agriculture, education, health, energy, and climate, with a gender focus.",Neutral,0.0
"The UAE’s ALTÉRRA fund recently anchored the Catalytic Transition Fund (CTF), with a capped return on its cornerstone commitment, and an initial close of $2.4 billion attracting additional sovereign and private sector institutional capital for climate solutions in emerging markets.",Neutral,0.0
These standards have also prioritised climate -related disclosures over social-related ones.,Neutral,0.0
"Governments should push for disclosures that address both social and environmental impacts, including those that do not directly affect financial performance but contribute to challenges like climate change and inequality.",Negative,-0.005555555555555557
"Additionally, recent efforts by the International Public Sector Accounting Standards Board (IPSASB), in collaboration with the World Bank, to develop the first climate-related disclosure standards for the public sector also mark a significant

step in this direction.",Positive,0.10416666666666667
"Boost the availability of partial guarantees, first-loss capital, and subsidised financing with ambitious targets for mobilising private capital (targeting capital mobilisation ratios that will fill the SDG & climate finance gaps).",Positive,0.049999999999999996
"The disconnect between climate, humanitarian and development finance, for example, is further compounded by uncoordinated financial mechanisms and institutional barriers.",Neutral,0.0
"Countries are also eager to explore innovative instruments such as SDG bonds, blue bonds, and climate-resilient loans, but they need to fully understand the risks and trade-offs associated with these tools.",Positive,0.16666666666666666
"The Maldives’ gender-responsive climate financing strategy, for example, is advancing the energy transition and social inclusion to realize both its National Development Plan and NDCs.",Positive,0.03333333333333333
Untapping Climate finance to protect social sector investments: UNICEF stresses the importance of incorporating social sector investments into climate finance plans.,Positive,0.03333333333333333
"Recognizing that investing in universal healthcare, education, and social protection is vital for both reducing carbon emissions and protecting vulnerable populations from the adverse effects of climate change is crucial for sustainable development.",Negative,-0.07333333333333333
The needs of the social sector are often overlooked in discussions about climate change.,Positive,0.03333333333333333
"Globally, estimating the costs of adapting social sectors is still in its early stages despite increasing evidence of the impact of adverse climate events across social sectors - health, education, social protection, nutrition and WASH.",Positive,0.039999999999999994
"Improving transparency, accountability, and effectiveness in climate finance allocation is crucial due to the increasing impact of climate change on vulnerable populations, including children.",Negative,-0.20833333333333334
"It seeks to tap into all development, climate, and humanitarian financing flows – public, private, domestic, and international – by setting up alternative and innovative finance mechanisms to help governments leverage all funding sources, including non-traditional financial sources from the public and private sectors.",Positive,0.0625
Conducting studies to assess the impact of climate change on social sectors and estimate the costs of climate adaptation for these sectors.,Positive,0.03333333333333333
"Evidence generation: • Enhancing social sector ministries' and subnational agencies' capacity and credibility to effectively plan, cost, and justify their budget proposals, including integrating climate change impacts into planning and budgeting processes.",Positive,0.31666666666666665
Facilitating dialogue between environmental and social sector ministries to ensure social needs are adequately represented in climate finance discussions.,Positive,0.13333333333333333
"Yours sincerely, cerely yours, Bruno Carrasco Director General Climate Change and Sustainable Development Department

Financing Disaster Risk Reduction Input paper for Elements Paper on Financing for Development Fourth International Conference on Financing for Development, June-July 2025 10 October 2024 I.",Positive,0.1375
"Climate change has also played a significant role, already resulting in observed increases in the frequency and intensity of extreme weather events.",Positive,0.125
Their additional benefits in improving the investment climate in geographical areas exposed to natural hazards are often overlooked.,Positive,0.1
"The agricultural sector offers relatively greater opportunity for direct investment in disaster risk reduction, but investors and banks have shown little interest in a sector associated with high climate, price, and counterparty risks and market failures, despite non-cyclical demand, steady income and low correlation with the performance of other asset classes.",Positive,0.08927083333333333
"For example, the Asian Development Bank (ADB) purposefully earmarks additional grant resources for disaster risk reduction and climate change adaption resources for its poorest and most vulnerable member countries.",Neutral,0.0
"The use of climate change funds could also be extended to cover geophysical hazards where relevant, recognising that it is more cost-effective to manage geophysical and extreme weather risks together than separately and also that geophysical hazards, if not addressed, could impact the performance and sustainability of adaptation investments.",Positive,0.25833333333333336
"Donors no longer necessarily

address the consequences of climate change.",Neutral,0.0
"The establishment of the Global Shield against Climate Risks, a G7 initiative launched at COP27 in 2022, is a welcome development in this regard.",Positive,0.4
The Global Shield seeks to provide and facilitate more and better pre-arranged protection against climate and disaster related risks for vulnerable people and countries.,Positive,0.1
"Climate finance funds could also provide more support for disaster insurance, including premium subsidies, to alleviate the need for post-disaster grants and loans.",Positive,0.5
"For instance, building on this progress the Climate Risk and Early Warnings Initiative, a global initiative implemented by the World Meteorological Organisation, UNDRR and World Bank Global Facility for Disaster Reduction and Recovery, is working directly with countries to increase the availability of and access to early warning systems, linking science and technology with early warning systems to reduce the human and economic impacts of disasters.",Positive,0.07500000000000001
"Area-wide disaster and climate risk assessments are also required to identify cascading risks, providing better understanding of chains of causality and interdependencies to inform the design of resilient systems and appropriate standards setting.",Positive,0.5
"If not, disaster losses will continue to increase as climate change gathers pace, demanding ever greater resources for post-disaster purposes, potentially leaving the most vulnerable countries in a response loop with widening recovery gaps, and undoing global efforts to ensure adequate pre-arranged financing for this purpose.",Positive,0.13888888888888887
"Without a marked increase in efforts to strengthen disaster resilience such situations will become ever more common as climate change further increases the frequency and severity of extreme weather events, forcing an economic decline in areas of very high risk as insurance becomes unattainable and investors move away.",Positive,0.072875
"Noting the broader objectives of the FfD 4 that includes assessment of the previous FfD Conferences’ Outcome Documents and identifying the impediments to achievement of their objectives global and recommendations thereto, the members of the New Frontiers in Development Finance (NeFDeF) project would like to share their insights drawn from their international research expertise on the legal and policy architecture of broader sustainable development, development and climate finance and the growing trend towards increased private sector engagements with sustainable development objectives.",Positive,0.028282828282828285
"2. International development cooperation a. Use of Public Finance to catalyse, mobilise and de-risk additional private finance The crucial role of international development cooperation cannot be overemphasized noting the ever- increasing global inequality, the adverse impacts of the climate change, the conflicts and wars around the globe (Chapter IIIC, Financing for Sustainable Development Report 2024).",Neutral,0.0
"b. Climate Finance and debt for nature swaps Energy transition in developing countries through Just Energy Transition Partnerships (JETPs) is another important frontier within Financing for Development, that attests to the prioritization of private financing through de-risking, more specifically in the climate finance sphere.",Positive,0.3
"There is a risk that ODA will be diverted and re-labeled as ‘cllimate finance’, which would undermine the principle of ‘additionality’ of climate finance as

embedded in the UN Framework Convention on Climate Change (UNFCCC) and the Paris Agreement and may negatively affect the mobilization of financial resources in meeting other sustainable development objectives.",Negative,-0.14166666666666666
"We urge the Co-facilitators to put an accent on the legal commitments around climate finance, ensuring that climate finance is guided by the multilaterally-agreed principles of equity and common but differentiated responsibilities and respective capabilities (CBDR-RC), additionality, predictability and country ownership.",Negative,-0.033333333333333326
"In addition, climate finance should not divert existing financing from other Sustainable Development Goals (SDGs).",Negative,-0.125
Climate change adaptation and mitigation programmes and projects funded by climate finance should be designed and rolled-out in an inclusive and participatory manner taking into account the sustainable development needs and human rights of peoples who ought to be the ultimate beneficiaries of sustainable development.,Neutral,0.0
"The climate finance landscape also marks a recent surge of debt swaps through which the savings are repurposed to support SDGs, and more specifically, climate goals.",Positive,0.25
"In addition, new development and climate finance initiatives such as JETPs are heavily reliant on debt instruments and market-based mechanisms – including loans, guarantees and sovereign bonds – to finance decarbonisation and economic transition plans, with official finance geared towards catalysing commercial sources of financing.",Positive,0.02727272727272727
The ongoing debt crisis and lack of appropriate mechanisms for restructuring thereof also exacerbate the vulnerabilities caused by climate change among the least developed and island nations.,Positive,0.10000000000000002
"The fact that market-based instruments consist of debt-based climate finance raises concerns regarding their potential negative impacts on the progressive realization of economic, social and cultural rights, as well as the SDGs.",Positive,0.0066666666666666706
"Indeed, the previous UN Special Rapporteur on human rights and the environment, David R. Boyd, had concluded that ‘market- based solutions alone are not an adequate or just solution to the climate finance woes facing SIDS.’",Positive,0.13095238095238096
"As expressed by the Office of the High Commissioner for Human Rights, a human rights-based approach to financing climate change mitigation and adaptation of ocean ecosystems is an obligation rather than an option.",Positive,0.05333333333333334
We support promoting green entrepreneurship and climate adaptation strategies to build resilience against the adverse impacts of climate change.,Negative,-0.2
"Additionally, we must allocate funding for research to help reduce the impacts of the global climate crisis.",Neutral,0.0
"TOSSD currently tracks support in areas such as global public health, global normative functions, climate change mitigation, and support to refugees and protected persons.",Neutral,0.0
"This input is based on its thematic working groups on social protection, financial and digital inclusion, and climate finance over the last several years and expert insights from members providing direct services on the ground.",Positive,0.019047619047619046
"These include social protection, digital connectivity, decent work, inclusive finance, climate justice, and education.",Positive,0.06666666666666667
c. International Development Cooperation Climate Finance Recommendations: 1.,Neutral,0.0
"Strengthening Mitigation, Finance, and Capacity Building : Intensify mitigation efforts and scale up finance, technology transfer, and capacity building to avert future loss and damage from climate change.",Neutral,0.0
"Ensure equitable allocation, focusing on severely impacted countries such as those in the Climate Vulnerable Forum and Least Developed Countries.",Negative,-0.17500000000000002
4. Gender-Just and Community-Centered Climate Finance :,Neutral,0.0
Address infrastructure gaps that exacerbate climate impacts in vulnerable regions and accelerate the transition from fossil fuel systems to sustainable energy through public and private finance.,Negative,-0.16666666666666666
"Sustainable Development and Just Transition : Align climate finance with SDGs by ending fossil fuel subsidies, divesting from fossil fuel investments, and reallocating those funds to support adaptation to renewable energy.",Neutral,0.0
"f. Addressing Systemic Issues Structural Forms of Discrimination As evidenced by the COVID-19 pandemic, the ongoing impacts of climate change, war and conflict, and natural disasters, it is the most marginalized in a society that suffer the most through structural forms of oppression against women and girls, LGBTQI communities, Indigenous communities, racial minorities and communities discriminated on work and descent.",Positive,0.3666666666666667
"These investments should ensure access to essential services for all children, especially the most vulnerable impacted by conflict and climate change.",Neutral,0.0
"Emerging issues The Fourth International Conference on Financing for Development (FfD4) should address emerging issues affecting children by prioritizing child-focused climate resilience, digital equity, and disaster preparedness funds and resilience building to mitigate current and future risks impacting child welfare.",Neutral,0.0
"1. Climate Action with a Child Focus: Ensure climate resilience funding includes child- focused measures to protect children from climate-related impacts, such as food insecurity and displacement.",Positive,0.05
"Sustainable development, social protection, and public goods Revenue-raising efforts should be further aligned with the SDGs, supporting climate action and climate change mitigation and adaptation efforts (SDG 13) and promoting gender equality (SDG

Tax systems that work for people and advance the Sustainable Development Goals 5).",Positive,0.07666666666666666
"While this may seem a small portion of the overall funding gap, this does not account for the benefits of investing in water and sanitation across the entire SDG agenda, including in terms of poverty eradication, food security, health, gender equality and climate action.",Negative,-0.0375
Some SWA partners also advocate for gender-responsive and climate budgeting.,Neutral,0.0
"Commitments also reflect governments’ ambitions to pursue innovative financing and diversify funding sources, including through private sector involvement (e.g., in Brazil, Ethiopia and Pakistan), targeted investments to address inequalities (e.g., in Argentina and Ghana), and efforts to access climate finance (e.g., Malawi, Honduras and Nepal).",Positive,0.25
" Barbados - ""Debt-for-nature"" and ""debt-for-climate"" swaps were also discussed at the LAC Financing Ministers’ Meeting as innovative financing solutions that could generate savings via cheaper debt for specific conservation or climate-related purposes.",Positive,0.25
"Currently, Barbados is working to execute another ""debt-for-climate"" swap to upgrade the sewerage system that would allow the reuse of that water to replenish the aquifers and to enhance agriculture-related food security.",Neutral,0.0
Barbados is also part of IMF’s Resilience and Sustainability Trust (RST) from where money can be drawn to build resilience against climate change.,Neutral,0.0
"Barbados’ work in this area demonstrates the importance of financing for development across multiple SDG areas, and with particular attention to the reality of climate change.",Positive,0.08333333333333333
Plans are currently underway to conduct another update for this tool in order to more strongly integrate considerations of climate resilience.,Positive,0.3111111111111111
"Encourage innovation and least-explored new approaches such as climate funds and social impact bonds, to tap sources of finance rarely accessed by the water and sanitation sector.",Positive,0.11742424242424242
"Debt and debt sustainability Over the past decade, rising global interest rates and climate risks have exacerbated the debt burden in low-income countries.",Negative,-0.125
"Missions help transform broad SDG countries can unlock financialised and hoarded capital for related challenges, like global health and climate change, sustainable development.

of high risk and focused on the long-run not the short- run (Lazonick and Mazzucato, 2013).",Positive,0.0445
"The challenge-orientation can not only promote economic development but also address critical challenges like climate change, health disparities, and the digital divide (Figure 3).",Positive,0.05
Such missions can be used to frame problems like eradicating food insecurity and improving access to clean and safe water for all to mitigating climate change by creating net-zero regions.,Positive,0.2888888888888889
"A mission-oriented approach begins with a challenge (an SDG), transforms it into a clear targeted mission and then uses all levers, from procurement to grants and loans, to crowd in bottom-up innovation across as many sectors and actors as possible: in the same way that going to the moon required not just aerospace but also nutrition, solving our climate challenges is not just about renewable energy but also about new forms of transport, nutrition, construction, digitalization and so on.",Positive,0.14727272727272728
An example of a mission around climate change for Latin America non-profit institutions (Mazzucato 2018b).,Neutral,0.0
Figure 4 shows the prevalence of NDBs and MDBs in the climate financing space.,Neutral,0.0
"There is a notable contrast between banks that are driven by a desire to solve big soci- Figure 5 Public development finance makes up more than half of climate finance as of 2019/2020

Figure 6 Risk-capital intensity classification of renewable energy finance.",Positive,0.16666666666666669
Climate change action has become a strategic priority for MDBs globally.,Positive,0.05
"Likewise, the ADB, the Asian Infrastructure Investment Bank (AIIB), the European Investment Bank (EIB) and the World Bank have set ambitious climate finance targets.",Positive,0.08333333333333333
"These MDBs strive to support investments that enable climate change mitigation, adaptation and resilience, thus contributing further to the broader SDGs (IsDB, 2023).",Neutral,0.0
"National development banks (NDBs) are also stepping up with innovative financing projects that embody a dynamic, purpose-driven approach to tackling socio-economic, environmental and climate-related challenges.",Positive,0.25
"The Development Bank of Southern Africa’s (DBSA) Climate Finance Facility (CFF) is pioneering a ‘green bank’ model that encour- ages private investment in low-carbon, climate-resilient infrastructure across South Africa, Namibia, Lesotho and Eswatini.",Negative,-0.06666666666666667
"This facility, in line with the Paris Agreement’s national determinants and SDGs, attracted initial funding of $110 million from the DBSA and the Green Climate Fund (GCF).",Negative,-0.1
"The fund currently underwrites 17 diverse projects that channel resources into six vital sectors: envi- ronmental sustainability and climate resilience, gender equality and social inclusivity, food security and agri- culture, urban planning and development, sustainable finance and investment, and energy transition to renew- able sources.",Positive,0.12666666666666665
"Hampered by unsustainable debt burdens, a weak global financial safety net and unfair international governing structures (including within the IMF and World Bank), many countries in the Global South cannot build the resilience they need in the face of big global challenges, such as climate change, the digital divide and health disparities, as well as increasing inequality and hunger.",Negative,-0.03125
"In June 2023, following Barbados’ experience, the World Bank introduced climate resilient debt clauses designed to provide temporary debt relief to vulnerable countries during times of crisis (World Bank, 2023b).",Negative,-0.25
These funds are set up to provide financial assistance to nations that are especially susceptible to the devastating impacts of climate change.,Negative,-0.3333333333333333
The UN climate change and contribute to the attainment of the SDGs.,Neutral,0.0
"Secretary General’s sixth Our Common Agenda policy brief on ‘Reforms to the International Financial Architecture’ offers an important contribution to this debate by setting out five concrete actions around how best to massively scale up financing and the SDG impact of public develop- ment banks: (1) Massively increase development lending and improve terms of lending; (2) Change the business models of MDBs and other public development banks to focus on SDG impact and more effectively leverage private finance for SDG impact; (3) Massively increase climate finance, while ensuring additionality; (4) More effectively use the system of development banks to increase lending and SDG impact; and (5) Ensure that the poorest can continue to benefit from the MDB system.",Positive,0.12976190476190477
"During the COVID-19 pandemic, some development banks also created specific funding programs that targeted particular issues, whether related to health or the climate.",Positive,0.05555555555555555
"For instance, climate finance currently constitutes 20 per cent of total commitments pledged by members of the International Development Finance Club.",Neutral,0.0
"If public development banks were to pledge to a comparable ratio, they could offer more than $50 billion in climate finance per year and mobilize even more through the private sector.",Positive,0.25
"Missions can help to transform broad SDG-related challenges, like global health and climate change, into investment pathways where strong publicly set goals mobilize coordinated action around shared challenges.",Positive,0.11916666666666667
"Key areas include climate, nature, water, food, energy, cybersecurity, pandemics and challenges related to conflict.",Neutral,0.0
Climate Policy Initiative.,Neutral,0.0
Global Landscape of Climate Finance: A Decade of Data 2011-2020.,Neutral,0.0
"climatepolicyinitiative.org/publication/global-landscape-of- climate-finance-a-decade-of-data/ Daly, H. E. (2008).",Neutral,0.0
Retrieved from https://www.project-syndicate.org/commentary/world-eco- nomic-forum-davos-tax-rich-wealth-climate-change-by-jayati- ghosh-2023-01 Government of Barbados.,Neutral,0.0
Climate-neutral steel: Enabling industrial transformation in Germany.,Neutral,0.0
"S C I. A global financing framework Reforming Macroprudential Policies, Climate and Development Policies, and the World Bank 1)",Neutral,0.0
"Yet, we have not revised the global financial regulations and ensured they were consistent with our new global climate objectives.",Positive,0.07727272727272727
"As a result, a number of requirements that are meant to safeguard financial stability in the short run are now po- tentially preventing our ability to address climate change, to invest enough, and to invest where we need investments the most (namely, in economically developing and emerging countries where domestic flows are not enough to reach the nationally determined con- tributions (NDC's) and national targets).",Positive,0.1142857142857143
"In sum, global financial regulations need to be assessed against our climate objec- tives and potentially be revised in order to align the financial system with the climate goals.",Neutral,0.0
"Since risk-mitigation mechanisms (e.g., guarantees from multilateral development banks and others) used in blended finance are not properly recognized, financial institutions using blended finance are unnecessarily pe-

3) More coordinated action and capital mobilization across the climate and development spheres are needed.",Positive,0.13999999999999999
"So far, international discussions and frameworks around climate and development are mostly separated.",Positive,0.19999999999999998
"To make progress, it is important to integrate and blend discussions of climate and development financing going forward, rather than treat- ing them as distinct silos.",Positive,0.35
Breaking down these barriers between the development and climate agendas could help drive more coordinated action and capital mobilization across the climate and development spheres.,Positive,0.14814814814814814
"While this is primarily a debt issue, one reason it keeps recurring might be because of our lack of looking at “development” and “climate” as a system - wide problem globally (see the related comment above about the need for coordinated action and capital mobilization across the climate and development spheres).",Positive,0.06666666666666667
It is also important to note that the climate crisis is deeply intertwined with the biodiversity crisis.,Positive,0.2
"Indeed, meeting the Paris Climate Agreement goals depends on the successful conservation, res- toration, and management of biodiversity.",Positive,0.75
"While climate change remains one of the most significant challenges, it is im- portant that the overall development impact be taken into consideration when structur- ing debt to development swaps.",Positive,0.2916666666666667
"In recent years, their focus has shifted more towards climate change and more capital has flowed towards larger planetary-impact investments that can drive systemic changes to decarbonize sectors, compared to people-focused community investments.",Positive,0.25
"Specifically, these efforts include: • mapping and measuring the financial materiality of sustainability to firms and in- vestors; • chronicling the negative externalities of impact materiality, or how those same firms and investors affect our global biosphere and civilization; • implementing promising new theories and practices of impact investing, which seek joint financial and sustainability gains; • working on how to mitigate harm and improve outcomes within major specific domains such as climate change, water use, biodiversity, inequality, and many others.",Positive,0.05444214876033058
"Environmental Sustainability and Climate Financing: ACM emphasizes the need for

and innovations in circular economy models where technology can be reused or recycled.",Neutral,0.0
"Sustainable technologies, such as AI-driven environmental monitoring, can support climate resilience by enabling smarter decision-making.",Neutral,0.0
"Green finance and climate-resilience funding should support, among other things, the development of green computing and foster global partnerships to scale these solutions.",Negative,-0.13125
"By promoting sustainable technology, digital transformation can align with long-term environmental goals and climate action.",Positive,0.05
"e. Debt and Debt Sustainability ACM advocates for innovative financing instruments such as debt-for-technology swaps and debt-for-climate swaps, which allow countries to reduce their debt burden while simultaneously investing in crucial areas like digital transformation and climate adaptation.",Positive,0.125
"3. Climate Change and Financing for Resilience As climate-related risks intensify, there is an urgent need for financing mechanisms that prioritize climate resilience.",Neutral,0.0
"ACM advocates for the use of digital tools, such as AI- driven climate risk models and other digital tools, to help countries develop more precise, inclusive, and responsive climate adaptation strategies.",Positive,0.12916666666666668
"These tools must be developed and deployed in ways that minimize their ecological footprint, ensuring they do not contribute to the very climate challenges they aim to solve, especially in countries most aNected by climate change.",Positive,0.24
ACM advocates to prioritize financing mechanisms that not only support these technologies but also ensure they are also aligned with a broader commitment to reducing inequality and empowering the most vulnerable populations to respond eNectively to climate risks.,Neutral,0.0
"Despite being home to 62% of the world’s poor, MICs often lack the necessary support and access to finance, especially, concessional, and non-concessional finance, to address their mounting debt burdens as well as several climate vulnerabilities and social inequalities.",Negative,-0.07333333333333333
"Therefore, the LMG-MICs continues to support the Secretary General SDGs Stimulus and has been consistent in calling for this paradigm shift, dearly needed to create a development and climate financing architecture that’s inclusive and fair while also targeting resources for specific vulnerabilities, shocks and risks.",Positive,0.25
"- Welcomes the policy recommendations of the United Nations Conference on Trade and Development contained in the report A/79/209 to scale-up the use of debt-swaps for Sustainable Development Goals , including for climate and nature, and calls for the development of a multilateral strategy, building on these recommendations, aiming at simplifying and improving the design, transparency and financing of debt swaps, and including concrete measures to support developing countries to overcome challenges associated with the costs of transaction, technical assistance, information-sharing, credit enhancement and risks, among others.",Positive,0.08333333333333333
"The convention should encompass the following elements: ★ Fair and transparent multilateral debt cancellation and restructuring ★ Binding responsible sovereign lending and borrowing principles, and accountability for their implementation ★ New approach to debt sustainability framework and analyses (DSAs) aligned with climate and sustainable development needs ★ Automatic debt service cancellation mechanism that protects Global South countries from extreme events related to climatic, environmental, economic, and security shocks ★ Debt contract clauses that provide for sharing the risks of climate-related and other external shocks between lender and borrower ★ A binding global debt registry to promote transparency ★ Debt audits to investigate and identify cases of debt illegitimacy ★ The establishment of legislation, both in borrowing and lender countries, to ensure a democratic and transparent governance and management of sovereign debt and fair debt resolution.",Positive,0.13741258741258738
Input for UN Finance for Development Elements Paper: Fostering a Global Public Development Bank Ecosystem for Sustainable Development and Climate Action 1 Key takeaways •,Positive,0.025
"The world’s national development banks (NDBs) and multilateral development banks (MDBs) can provide the foundation of a global public financial ecosystem for delivering global public goods and development in ways that systematically work to achieve the SDGs and climate adaptation, mitigation, and biodiversity goals more cheaply, more rapidly, and on the United Nations Member States at FfD4 in Spain should call on public national development banks (NDBs) and multilateral development banks (MDBs) to foster a global public development bank ecosystem grounded in accountable public-public collaborations.",Positive,0.10000000000000002
"UN Secretary-General António Guterres has called for ‘concrete steps that global leaders can take right now’ for additional investments in sustainable development and climate action (UN IATF 2024, iii).",Positive,0.13392857142857142
The Need for a Global Public Development Bank Ecosystem for Development and Climate Action,Positive,0.03333333333333333
"According to the United Nations (UN), the international financial architecture has been ‘unable to support the mobilization of stable and long-term financing at scale for investments needed to combat the climate crisis and achieve the Sustainable Development Goals’ (SDGs) (UN 2023).",Negative,-0.16666666666666666
"First , an over-reliance on and the under-performance of private investors to deliver green and just development and climate finance at the pace, scale, or on terms required to meet the SDGs.",Positive,0.016666666666666663
"This over-reliance stems from calls made in the 2015 Financing for Development Addis Ababa Action Agenda (AAAA) and, more significantly, from the World Bank’s Billions to Trillions agenda that disproportionately advocate for market-based and private-sector led development and climate solutions.",Positive,0.325
"Despite the confidence placed in them, private investors have under-performed and demonstrated an unwillingness to meet climate investment or sustainable impact demonstration requirements.",Neutral,0.0
Table 1 provides Climate Policy Initiative data on tracked global climate finance from 2017 to 2022.,Neutral,0.0
"In 2022, private investors accounted for $463 billion, or 32.7 per cent, of total climate finance.",Neutral,0.0
"While private commercial institutions have meaningfully increased climate finance since 2017, private investors collectively under-invested despite having more than four times the financial capacity of public institutions.",Positive,0.14285714285714285
"Moreover, private climate finance is highly concentrated in only the most profitable and safest investments in

Table 1.",Positive,0.165
"Global Climate Finance by Household, Private, and Public Sources.",Neutral,0.0
"Billions USD$ Source 2022 2021 2020 2019 2018 2017 Household/Individuals 222 147 59 51 65 41 Private Investors 463 418 274 252 215 227 Commercial Financial Institutions 247 223 128 116 50 46 Corporations 203 182 132 118 147 165 Funds 7 5 3 8 10 6 Institutional investors 5 7 5 3 8 8 Unknown 1 0.3 7 7 - 2 Public Institutions 730 549 332 337 261 340 Bilateral Development 38 27 25 23 26 18 Financial Institutions Export Credit Agency 2 2 1 1 3 2 Government 106 93 30 35 35 30 Multilateral Climate Funds 2 4 4 4 3 3 Multilateral Development 104 82 75 62 58 56 Financial Institutions National Development 268 209 130 160 94 174 Financial Institutions Public Funds 0.1 0.3 2 2 2 2 State-owned Enterprises 133 88 13 12 23 26 State-owned Financial Institutions 77 44 52 38 18 30 Total 1,415 1,114 664 639 540 608",Positive,0.007692307692307693
"Verifiable climate action, socially just transitions, and equitable development are secondary concerns.",Negative,-0.05555555555555555
Private investors can have a role in development and climate finance.,Neutral,0.0
"But public alternatives that can prioritize equitable development and socio-environmental climate concerns are leading the charge – even as more needs to be done to demonstrate positive development impacts for all people, impacts that are also verifiably green and just.",Positive,0.13181818181818183
"private partnerships (PPPs), which use Under-appreciated and under-utilized global public financial capacity Global public financial institution capacity has been under-appreciated within development and climate finance These public development banks, which include the world’s multilateral development banks (MDBs) and national development banks (NDBs), can together form the foundation of a powerful new global public financial ecosystem.",Positive,0.03831168831168831
public collaboration can effectively internalize the interdependence of climate action with sustainable and equitable development as a matter of policy priority.,Positive,0.2333333333333333
"New research papers on MDB and NDB climate finance relationships show promise in existing collaborations but underscore that little is known, more research needs to be done, and policy efforts need to be made to enhance MDB and NDB collaboration (Marois, Stewart, and Marodon 2023; CPI/ E3G 2023).",Positive,0.14962121212121213
"Both the quantity and quality of climate financing need improvement to ensure public finance fosters sustainable, equitable, and green development.",Negative,-0.1
"While public banking financial capacity What does a global public development bank financial ecosystem for equitable development and just climate action, founded on NDB and MDB collaboration, look like? regeneration and energy, transport, health, and educational infrastructure – all of which need to be climate resilient.",Positive,0.049999999999999996
"A new global PDB ecosystem would Research on municipal infrastructure build from both the SDGs and the Paris financing shows that public bank loans Agreement on climate change and can be less costly, easier to access, and finance.",Negative,-0.007575757575757576
"MDBs can and sometimes binding, climate action help to bring down the domestic cost of commitments.",Negative,-0.018518518518518517
"The Nordic Investment public banks can adjust the terms of loans Bank has a climate policy banning future to help advance shared climate policy, investments in carbonizing energy.",Neutral,0.0
Profit-driven private sources of development and climate finance drive up the cost of capital due to shareholders’ financial return expectations.,Negative,-0.041666666666666664
"By making global development and climate finance policy-driven rather than profit-driven, this finance becomes cheaper and more affordable.",Positive,0.25
"Finally, a global ecosystem of NDBs and MDBs can be a pillar for democratic, accountable, and transparent development and climate action.",Positive,0.05
Finding the right forum for governing a new global PDB financial ecosystem in ways that can transparently demonstrate positive development alongside green and just climate impacts requires experimentation.,Positive,0.07489177489177488
with Boards composed of Ministers or Scenario of outcomes: The Pitfalls and Prospect of Public-Public Collaboration for Development and Climate Action Pitfall?,Positive,0.1
"Two, governments already have in their hands over 530 public development banks, which serve as financing channels for development and climate projects in all sectors.",Neutral,0.0
"Reduced climate investment or crowding out of private finance Conventional economic thinking into public banks, including from the World Bank, has raised concerns over public banks leading to reduced investments or economic growth and, relatedly, to the crowding out of private finance.",Positive,0.03214285714285715
"Moreover, conventional research never accounted for the urgent need to accelerate the pace of investment and improve the quality of financing in response to global development and climate ambitions and just transitions.",Negative,-0.07142857142857142
"This pathway must be guided by democratic, transparent, and accountable public purposes towards just development and climate action.",Positive,0.05
"Capture or corruption of public development and climate finance Conventional economic thinking also points to what is perceived to be the inherent inefficiencies and corruption of public institutions, regardless of their governance frameworks.",Positive,0.01428571428571429
The sticky bias towards perceived private sector efficiency and superior innovativeness has privileged finance policies enabling private actors over public ones in development and climate finance.,Positive,0.175
"A global public development bank ecosystem fit for development and climate action and MDBs to work together to begin making better use of their collective financial capacity, expertise, and global reach to lead global development and climate action.",Positive,0.12222222222222223
"Collaboration between public banks can provide development and climate finance at the pace, scale, and on terms appropriate for positive development and green and just transitions.",Positive,0.13181818181818183
"If Member States of the UN call for it, the world’s public MDBs and NDBs can be the foundational catalysts behind a new, intentional, and accountable global public financial ecosystem for delivering global public goods, including effective development and climate action.",Positive,0.043636363636363626
The failure of NDBs and MDBs to foster a global ecosystem will see Member States and policymakers continue to struggle to realise meaningful development and climate finance commitments and to demonstrate meaningful impacts on sustainable development and just transitions.,Positive,0.17083333333333334
The future of just development and climate finance can and should be public.,Neutral,0.0
"All this is against a backdrop of shocks caused by climate change risks, the legacy impact of the COVID-19 pandemic, and the secondary effects of the crises in Europe and the Middle East.",Negative,-0.15
"The situation is more

\ paying off their debts or being able to secure their own borders, or mitigate against adverse effects from climate disasters, their vulnerability compounds further.",Positive,0.4
The question is how to develop a global system of cooperation that would ensure that these leakages are stopped and the benefits of appropriating the proceeds from this are invested in achieving the SDGs and climate action.,Positive,0.05
"This initiative brings member countries together to explore feasible, scalable and sensible options for climate levies.",Neutral,0.0
"Mainstreaming resilience and sustainability into debt contracts - Pandemics, climate related shocks, mass conflicts etc. have all become a reality in thinking about the likelihood of global challenges.",Neutral,0.0
"Some of the issues that DSAs need to reconsider include a review of what has sometimes been viewed as overly optimistic macroeconomic projections; the insufficient consideration of human development, climate change risks and investment, ecosystem services and natural resources as well as SDGs; and their underestimation of fiscal multipliers.",Positive,0.05
"Tackling the Vicious Circle The Interim Report of the Expert Review on Debt, Nature & Climate

The Independent Expert Group Co-chairs Vera Songwe Chair and Founder, Liquidity and Sustainability Facility, Former Executive Secretary, United Nations Economic Commission for Africa, and UN Under-Secretary-General Moritz Kraemer Chief Economist, LBBW Bank, and former Global Chief Ratings Officer, S&P Global (formerly Standard and Poor’s)",Negative,-0.13333333333333336
"Members Masood Ahmed President Emeritus, Center for Global Development Juan-Camilo Cardenas Professor, Department of Economics, University of Massachusetts Amherst and Universidad de Los Andes, Colombia Simon Cueva Rector, Universidad Internacional del Ecuador and former Minister of Economy and Finance, Ecuador Kevin Gallagher Professor of Global Development Policy and Director, Boston University Global Development Policy Center Sandrine Gaudin Vice-Governor (Financial Strategy), Council of Europe Development Bank Ma Jun Founder and President, Institute of Finance and Sustainability, Beijing Frannie Leautier Partner and CEO, SouthBridge Investment, and former Chief of Staff to the President and Vice President, World Bank Group Isabelle Mateos y Lago Group Chief Economist, BNP Paribas Wanjira Mathai Managing Director for Africa and Global Partnerships, World Resources Institute Irene Monasterolo Professor of Climate Finance, School of Economics, Utretcht University Avinash Persaud Special Advisor on Climate Change to the President, Inter-American Development Bank Anthony Requin General Inspector of Finance, French Ministry of Economy and Finance Brad Setser Whitney Shepardson Senior Fellow, Council on Foreign Relations, Washington DC Stacy Swann Founder of Resilient Earth Capital and former CEO, Climate Finance Advisors Jeromin Zettelmeyer Director, Bruegel think tank, Brussels, and former Deputy Director, Strategy and Policy Review Department, IMF 2",Positive,0.005476190476190477
"Tackling the Vicious Circle – The Interim Report of the Expert Review on Debt, Nature and Climate 2",Negative,-1.0
"Tackling the Vicious Circle – The Interim Report of the Expert Review on Debt, Nature and Climate

Executive Summary

Addressing high and unsustainable debt levels is a precondition for securing a livable planet for all.",Negative,-0.42
"Countries need sufficient fiscal space and borrowing capacity to invest in development, climate and nature, particularly given the higher upfront investment needs associated with the transition to more sustainable and resilient economic models.",Positive,0.2791666666666667
"Shifting on to more climate-compatible and nature-positive economic paths is the only way to minimize long-term risks and costs, and secure prosperity for all.",Positive,0.275
"The impacts of climate change are already apparent in the form of more frequent and severe extreme weather events such as heatwaves, cyclones and flooding, as well as slow-onset events such as coastal erosion due to sea-level rise or desertification.",Positive,0.05714285714285715
Nature loss and climate change also have mutually reinforcing effects.,Neutral,0.0
"This means that EMDCs can borrow less, at greater cost, at a moment when they need more and cheaper finance to limit the extent of future shocks and stresses through investments in resilience, climate mitigation and nature protection.",Positive,0.20833333333333334
"While debt levels and costs rose in the late 2010s in most EMDCs, it was the external shocks and stresses of the early 2020s that devastated their people’s lives and livelihoods, and accelerated the deterioration of their fiscal positions: the Covid-19 pandemic, fuel and food price inflation, a strengthening US dollar, soaring interest rates and – in many cases – climate and environmental disasters.",Positive,0.2333333333333333
Increased borrowing Higher debt servicing to meet the higher reduces fiscal space for upfront costs associated investment in nature and with climate- and climate action.,Positive,0.19999999999999998
"nature-positive development Higher debt servicing increases Shocks and stresses the credit risk profile of constrain economic countries, which in turn growth and public makes it more expensive revenues, and therefore to borrow for investment reduce capacities to in nature and climate service debt action.",Positive,0.09166666666666666
"Higher borrowing Higher financing costs costs due to increased reduce the viability of climate- and nature- related risks, higher debt burdens and slower growth rates capital-intensive climate- and nature-smart measures.",Positive,0.125
"i s H o w t h e d e b t c s m e a n d n a t u r e c r i s e s Climate/ nature shocks and stresses Vicious circle of the debt, nature and climate crises Higher debt levels and costs $ $

The debt, climate and nature crises are coming together in a vicious circle for a growing number of countries.",Negative,-0.5833333333333334
"Countries with high debt burdens then have less fiscal space to pursue low-carbon, climate-resilient and nature-positive development paths.",Negative,-0.003333333333333327
But it will also require more international concessional finance and an effective response to unsustainable debt burdens and costs to enable countries to invest more in climate- and nature-smart development.,Positive,0.4
"This Interim Report of the Expert Review on Debt, Nature and Climate seeks to provide a diagnosis of the problems.",Neutral,0.0
"Our Final Report, to be launched in the spring of 2025, will provide a set of recommendations that could help address the triple crisis and enable developing countries to shift to climate-compatible and nature-positive development.",Neutral,0.0
"We anticipate that our recommendations will broadly fall into three categories: • Whether and how countries can optimize their sovereign debt, complemented by enhanced domestic revenue mobilization and public finance management, to ensure sufficient funds for spending on nature protection and climate action, alongside other sustainable development priorities; • Specific measures to selectively reduce current debt burdens to provide additional resources for sustainable development (such as debt pauses for countries affected by environmental disasters or debt-for-nature and debt-for-climate swaps); and • Specific measures to ensure that future borrowing and lending redresses, rather than exacerbates, the triple crisis (such as expanding sustainability-linked debt and reducing resource-backed debt).",Positive,0.00340909090909091
"Executive Summary 7

An immediate priority is to reform Debt Sustainability Frameworks (DSFs) to provide a better analytical and policy basis for addressing sovereign debt issues in the context of the climate and nature crises.",Positive,0.5
"The current DSFs used by the IMF and World Bank do not adequately reflect the relationships between debt, climate and nature.",Negative,-0.08333333333333333
DSAs need to better reflect the funding and financing needs of countries to address the climate and nature crises.,Positive,0.5
"Tackling the Vicious Circle – The Interim Report of the Expert Review on Debt, Nature and Climate

DSA should clearly and consistently incorporate the projected impacts of climate change, including both rapid onset shocks and slow onset stresses, in their underlying baseline macroeconomic and fiscal projections.",Negative,-0.23750000000000002
"The analysis should also account for the likely fiscal savings and greater economic stability associated with pre‑arranged disaster risk financing, investments in resilience and other climate actions.",Positive,0.14375
"DSFs should make more extensive use of different climate and nature scenarios, including ones with early and ambitious investments in resilience, nature protection and avoided emissions.",Positive,0.16999999999999998
"In data-poor contexts, an alternative approach might be to put a lower weight on debt incurred for climate and nature- related investments, if its implementation can be verified.",Neutral,0.0
Recommendation 1 Incorporate climate- related risks and measures to reduce them.,Neutral,0.0
"Secretariat The Expert Review on Debt, Nature and Climate is supported by a Secretariat drawn from four independent research institutes: the Africa Centre for Economic Transformation (ACET – Accra, Ghana), the Finance for Development Lab (Paris, France), ODI Global (London, UK) and the UN Economic Commission for Latin America and the Caribbean (UN CEPAL/UN ECLAC – Santiago, Chile).",Positive,0.1
"Tackling the Vicious Circle – The Interim Report of the Expert Review on Debt, Nature and Climate",Negative,-1.0
"Established at UNCAS in 2019 to scale up Early Warning and Early Action, REAP connects a diverse group of stakeholders in order to enhance the disaster preparedness and resilience of climate vulnerable countries.",Negative,-0.04999999999999999
"It bridges gaps across climate, development, and humanitarian sectors by fostering collaboration between diverse partners and communities.",Neutral,0.0
"It stresses that climate-related hazards and their impacts are increasingly predictable, and there is an opportunity to get ahead of disasters by using finance to protect development gains and reduce humanitarian needs.",Negative,-0.2
"To address these challenges, the Charter calls for better collaboration between the development, climate, peace, and humanitarian communities, as well as the public and private sectors, from the global to the local level.",Positive,0.1
"The Charter emphasizes the need for coherent and coordinated finance across climate change adaptation,

FfD 2024 Elements Paper: Input Paper from the Risk Informed Early Action Partnership response, recovery, and reconstruction efforts.",Positive,0.2333333333333333
"This risk- informed approach supports the ABAS, AAAA and the Pact for the Future, and also explicitly calls for risk-informed approaches on disaster resilience, climate action and sustainable development through more effective preparedness and response strategies supported by sustained development and resilience building efforts.",Positive,0.3
Unmet financing needs for SDGs and climate action are estimated to be in the trillions of dollars annually.,Positive,0.1
"Systemic risks, especially climate and disaster-related risks, have risen dramatically” Estimates suggest annual loss and damage costs associated with climate change will range from USD 290 to USD 580 billion by 2030.",Neutral,0.0
The Vulnerable Group of Twenty (V20) economies are estimated to have lost 20% of their Gross Domestic Product (GDP) over the last 20 years and significantly increased their indebtedness due to the adverse impacts of climate change.,Negative,-0.041666666666666664
"Over

FfD 2024 Elements Paper: Input Paper from the Risk Informed Early Action Partnership the same period humanitarian needs have escalated, with 83% of all disasters in the 2010s attributable to climate and extreme weather events, and many appeals left seriously under- funded.",Positive,0.03452380952380952
"And yet, to a large extent, the international system - in particular international ODA - continues to operate as if climate, development and humanitarian needs are distinct and discreet from each other and therefore justify the disparate and disjointed approaches to risk management, assistance and resourcing that currently prevail.",Positive,0.07942176870748299
"However, the tide and narrative are changing, and it is increasingly acknowledged at a global policy level - quite some time after it was flagged by the most climate vulnerable countries - that we cannot continue to operate under these false dichotomies and artificially entrenched ideas of linearity.",Negative,-0.2
"Getting Ahead of Disasters - A Collective Responsibility and a Pre-Requisite for Achieving and Protecting Sustainable Development Climate-related hazards and their impacts are increasingly frequent, increasingly severe, but also increasingly forecastable.",Positive,0.1
"There is much that can be done in advance, often well ahead, to ensure that risks are reduced, adaptation is supported, and finance is in place to enable action ahead of climate impacts.",Positive,0.15000000000000002
"FfD 2024 Elements Paper: Input Paper from the Risk Informed Early Action Partnership Progress will require actors to come together across states and regions; development, climate, peace and humanitarian communities; public and private sectors; from the global to the local.",Positive,0.03333333333333333
"Furthermore, many of these states face an existential risk due to the escalating impacts of the climate crisis.",Positive,0.1875
"And yet, as noted in the ABAS statement and elsewhere, the world’s most climate vulnerable consistently struggle with access to the resources- financial and otherwise- necessary for climate adaptation, DRR and response and sustained investment in national systems.",Positive,0.05
"Meeting the sustainable development priorities of SIDS and LDCs, while also building disaster and climate resilience, is a matter of survival and cannot be delayed.",Neutral,0.0
"c. International development cooperation Acknowledging that existing funding arrangements fall short of responding to current and future impacts of climate change, and in line with the United Nations Framework Convention on Climate Change and the Paris Agreement, the Sendai Framework for Disaster Risk Reduction, and ultimately the 2030 Agenda for Sustainable Development, we share the view that we must take further action in the face of rising loss and damage from climate impacts, to protect lives, livelihoods and development gains, and help ensure the dignity and rights of those who endure the worst impacts of climate change.",Negative,-0.1125
"An effective approach to loss and damage will require the fund and funding arrangements to coordinate effectively with other areas of international cooperation such as disaster risk management, climate mitigation and adaptation, development, humanitarian, and peace. ”",Positive,0.215
"Debt and debt sustainability When a country faces a disaster, it requires various forms of funding to address both the climate and debt crises.",Neutral,0.0
"Small Island Developing States (SIDS) especially require financial assistance throughout all three phases of post-disaster recovery to effectively prepare for, respond to, and recover from recurring climate shocks.",Positive,0.0875
"A number of systemic issues need to be addressed for this approach to be able to bear fruit and – in turn – an early action approach can then support and resolve other systemic issues: • Artificial divisions between climate, development and humanitarian finance prevent better alignment and complementarity between actors and efforts within these areas of intervention; • Overlapping and compounding hazards create complex crises that are difficult to manage without coherence, coordination and more integrated approaches between different actors; • Debt and lack of liquidity strangles governments – particularly Small Island States – and prevents them from managing risk more proactively; But as we start to adopt and integrate these approaches: • Limited resources can be utilized more effectively; • Risk-informed development reduces exposure to future risks; • Partnerships and collaboration will increase, thereby strengthening collective resilience and social capital; •",Positive,0.08746498599439777
"Early warning systems are urgently needed as climate change is causing more frequent and intense extreme weather events, resulting in widespread adverse impacts and related losses and damages to nature and people.",Positive,0.12916666666666665
"Launched in 2022 by United Nations Secretary-General, António Guterres,Early Warnings for All is a groundbreaking initiative to ensure that everyone on Earth is protected from hazardous weather, water, or climate events through life-saving early warning systems by the end of 2027.",Positive,0.35
"Specifically, it supports Goal 13 (Climate Action) by enhancing climate risk management and adaptive capacity.",Positive,0.1
"Most actors agree with and support calls for humanitarian, development and climate actors to work in closer harmony, across sectors and levels Multiple UN agencies are already implementing these approaches including UNDP, UNICEF, UNOCHA, WFP and UNDRR.",Positive,0.25
The Global Shield against Climate Risks led by the V20 and the InsuResilence Partnership in conjunction with the World Bank is monitoring the so called “protection gap” for disaster and climate vulnerable countries •,Negative,-0.25
"Within the Early Warnings and Early Action communities, cross sectoral and cross organisational efforts are underway to better understand what the various disparate reporting and tracking processes are telling us about the state of play on resilience, preparedness and early action- looking at figures such as OECD ODA reporting, climate finance tracking and sectoral tracking so that we may see them as more than the sum of their parts and gain a picture of the extent to which the most vulnerable countries and people are covered, protected and served REAP is engaged in all of these efforts and will aim to ensure they are connected and support the delivery of more effective early warning and early action interventions.",Positive,0.16111111111111112
"In doing so, emphasize the need for coherent and coordinated finance across climate change adaptation, development, and disaster risk management, aiming to overcome silos and fragmentation.",Positive,0.5
"This includes but is not limited to Public Financial Management, Social Welfare Systems, Financial Systems, official DRM structures and capacities and other relevant departments such as Health, Education, Sanitation etc 5) Call for a comprehensive and coordinated effort to achieve these goals with – not in isolation but in support of existing frameworks and initiatives that seek to address specific issues related to climate adaptation, long term resilience building and humanitarian needs.",Positive,0.02673160173160173
Emerging Issues The increasing impact of climate change on health outcomes demands innovative solutions.,Positive,0.5
"Climate change exacerbates the spread of poverty-related diseases, making it essential to incorporate climate resilience into healthcare strategies.",Neutral,0.0
"Landcent’s vector control, medicinal, and diagnostic tools are designed for adaptability in climate- affected regions, while Indigenous knowledge provides sustainable approaches to managing natural resources and health.",Positive,0.1
"The global financing framework must consider the intersection of climate change, poverty, and health, supporting cross-sectoral interventions that address these challenges simultaneously.",Positive,0.125
"Challenges are growing in our fight against poverty and hunger, inequality, an existential climate crisis, severe biodiversity loss, skills and gender gaps, coupled with rising debt levels and heightened fragility and conflict.",Neutral,0.0
"In 2024, we are deepening our engagement and developing an agenda focused on achieving greater impact and scale in addressing development, climate, and other regional and global challenges.",Positive,0.125
Boosting joint action on climate;,Positive,0.1
"MDBs are also pursuing balance-sheet optimization through credit-risk-insurance transactions to scale up the transfer of

financing model developed by some MDBs (ADB, WB) involves leveraging guarantees from partners on a first-loss basis to accelerate billions of dollars in much-needed climate finance or other thematic priorities.",Negative,-0.008333333333333331
2. Boosting joint action on climate Recent progress MDBs progress on joint commitments on climate since the 28 Conference of the Parties (COP 28) of the United Nations Framework Convention on Climate Change (UNFCCC) include: Paris Agreement alignment.,Positive,0.05
"MDBs continue to share their experience in supporting client countries, sub-national entities, and private sector clients in climate policy development and delivery.",Positive,0.125
"Country-led climate strategies, such as Nationally Determined Contributions, LTS, National Adaptation Plans are central to achieving ambitious long-term climate goals and guiding near-term investment decisions in both the public and private sectors.",Positive,0.05
"A new MDB-led LTS Program, hosted by the World Bank ’ s Climate Support Facility, will facilitate the provision of coordinated support by MDBs to develop countries ’ LTS and underpinning sectoral and subnational climate policies and plans.",Positive,0.13636363636363635
Climate finance.,Neutral,0.0
"In low- and middle-income countries, adaptation finance accounted for 37% of this, and combined total climate co-finance reached US$46 billion, of which US$15 billion was private capital mobilization.",Neutral,0.0
"MDBs expect their 2023 climate finance

Innovative approaches to climate finance.",Positive,0.5
MDBs are implementing new innovative climate finance approaches.,Positive,0.3181818181818182
"These include results-based instruments that reward greater ambition, external guarantees to increase lending capacity for climate action, policy-based guarantees to support debt conversion to generate trust funds for climate and biodiversity action, sustainability-linked and thematic bonds, contingent mechanisms to access emergency finance in response to disasters, insurance products that transfer risk associated with disasters, and contractual disaster clauses that postpone payments on principal during natural disaster recovery.",Positive,0.09999999999999999
"In Barbados, on a pilot basis, EIB , with support from the European Commission, and IDB are joining forces to co-guarantee a Debt for Climate transaction of US$150 million each.",Neutral,0.0
The policy matrix supporting this operation will enhance the climate governance as well as foster climate and water policy conditions.,Positive,0.25
"In support of the Just Energy Transition Partnership (JETP) in Indonesia, ADB and WB co-led the engagement with the Indonesian Government to develop its Investment Plan the Climate Investment Funds Accelerating Coal Transition (CIF-ACT) window for a US$500 million allocation of concessional finance aimed at mobilizing an additional US$4bn from a range of partners including the private sector for Indonesia’s energy transition.",Neutral,0.0
"Launched in 2023, IDB CLIMA is an innovative financial approach that rewards borrowers for achieving nature and climate objectives.",Positive,0.25
"Looking ahead We will continue to expand our support to countries and other public and private clients in delivering on the Paris Agreement through policy change, climate finance, and innovative financial instruments.",Positive,0.075
"We reaffirm our commitment to socially inclusive, gender-responsive, and nature-positive climate actions.",Positive,0.03333333333333333
"Our work requires dedicated support from our shareholders in scaling up concessional resources for technical assistance, climate finance, and private capital mobilization.",Neutral,0.0
Key deliverables • Common approach to measuring climate results.,Negative,-0.15
"Following the announcement at COP28, MDBs have strengthened their technical collaboration and are pleased to announce our first common approach to measuring climate results.",Positive,0.09
The MDBs’ common approach aims to foster consistency and comparability across MDBs in climate results measurement and to contribute to international efforts to establish standardized frameworks for assessing climate progress and guiding future climate action.,Negative,-0.049999999999999996
Climate finance results and projections .,Neutral,0.0
MDBs expect to publish the 2023 Joint MDB Report on Climate Finance by July 2024.,Neutral,0.0
We will also engage in the UNFCCC-led process to establish a New Collective Quantitative Goal and commence consultations for post-2025 projections of MDB Climate Finance.,Positive,0.13636363636363635
"MDBs plan to provide at COP 29 a further update on progress on all aspects of their joint climate and implementation work of Paris Alignment, as well as on other joint climate commitments such as their support for the Early Warnings for All initiative.",Negative,-0.006249999999999999
"MDBs are building on lessons from various joint experiences, including the Climate Investment Funds (CIF) investment plans where they have been collaborating for over a decade, as well as the more recent Just Energy Transition Partnerships (JETPs), Country Forest Packages, and ongoing pilots.",Positive,0.16666666666666666
"In Bangladesh, the ADB , IMF, WB , IFC, AIIB, and other stakeholders partnered to support the country- led climate and development platform, the Bangladesh Climate Development Partnership (BCDP).",Negative,-0.125
"This is a cross-sector, multistakeholder and multi-year partnership to drive climate actions at scale and with urgency to support low carbon and climate-resilient development essential to achieve Bangladesh Vision 2041.",Neutral,0.0
The BCDP platform promotes a whole of government approach to actively achieve climate outcomes.,Positive,0.03333333333333334
the face of ongoing threats from climate change and fragility; empower women and young people with skills; and drive cross border trade and cooperation.,Positive,0.05
"MDBs will jointly analyze the various proposals and discuss next steps, including for some MDBs to implement platforms on climate adaptation, energy transitions, and nature, among others.",Neutral,0.0
"To increase co-financing and efficiency, and maximize the impact of our operations, the MDBs will work together during 2024 towards (i) implement procurement practices that support sustainable procurement, sustainable infrastructure, and the climate change agenda; (ii) further promote the adoption and use of alternative procurement arrangements across MDBs to facilitate the use of MRAs; and (iii) develop a framework to demonstrate better Value for Money in procurement.",Positive,0.25
"Measuring and managing for development results at the project, portfolio, and institutional level matters when MDBs address complex social issues, tackle climate change, and support sustainable and inclusive development.",Negative,-0.13333333333333333
"There exists a multitude of indicators proposed and used by the financial, academic, conservation, climate, and public sectors on biodiversity; in addition, the Convention on Biological Diversity (CBD) is

insights at COP 30, and explore the feasibility of alignment of some indicators, which would facilitate faster and easier development and interoperability of financings and financial products.",Neutral,0.0
"The availability of concessional financing is essential to tackle shared challenges, particularly those of a regional and global nature like climate, food insecurity, pandemics, fragility and cross border cooperation on water, forestry, among others.",Positive,0.041666666666666664
"Conclusion Multilateral Development Banks recognize our collective duty to accelerate international efforts to eradicate poverty and hunger, reduce inequalities, tackle regional and global challenges including on climate and health, as well as boost inclusive socioeconomic development.",Positive,0.03333333333333333
"Research shows that the poorest and most vulnerable nations bear the brunt of climate change impacts yet contribute the least to the crisis, whilst some key solutions, such as the rapid upscale of renewable energy industries, could exacerbate weak governance and corruption due to the large amount of investment needed in a short period of time.",Negative,-0.06507936507936508
"United Nations, “The UN Secretary-General's Panel on Critical Energy Transition Minerals”, n.d., https://www.un.org/en/climatechange/critical-minerals.",Neutral,0.0
"In addition to the lingering impacts of the COVID-19 pandemic and the triple planetary crisis of climate change, biodiversity loss and pollution, there have been geopolitical, social and economic consequences of ongoing wars of aggression, a global cost of living crisis and an explosion of the debt crisis affecting huge parts of humanity.",Positive,0.15833333333333333
"However, the current design of the international tax system for generating domestic public resources is insufficient, resulting in rampant global inequality, which is fueling the climate crisis.",Neutral,0.0
Domestic and international private business and finance The recently adopted Pact for the Future states the need to accelerate the reform of the international financial architecture to meet the urgent challenge of climate change.,Neutral,0.0
"However, in recognizing this urgent challenge, it calls on the private sector, in particular large corporations, to scale up support to developing countries and enable climate action.",Positive,0.12023809523809523
This further worsens the compounding debt and climate crises that many developing countries find themselves in.,Positive,0.25
An OECD analysis of 2018-2020 found only 12% of climate finance going to adaptation .,Neutral,0.0
This undermines the obligation under the Paris Agreement for climate finance to be provided for both mitigation and adaptation projects in a balanced manner.,Neutral,0.0
Private actors provided USD 625 billion in climate finance in 2022 .,Neutral,0.0
"In addition, this growth has not resulted in anywhere near an amount that would constitute needs-based provision of climate finance.",Positive,0.1
"Despite these clear deficiencies, developed countries continue to argue for enabling conditions in developing countries to scale-up the provision of climate finance.",Positive,0.1
"However, these enabling conditions, which encompass austerity measures, have shown to undermine people’s economic, social, and cultural rights, and even enhance vulnerability to climate change .",Positive,0.11111111111111112
"The role of multilateral development banks (MDB) including the World Bank, Inter-American Development Bank, Asian Development Bank, the African Development Bank, and the European Bank for Reconstruction in climate finance is also highly contentious, as these institutions do not normally provide grants.",Positive,0.030833333333333334
"At COP29, negotiations on the New Collective Quantified Goal on climate finance (NCQG) are set to be completed.",Positive,0.13636363636363635
"The focus for the NCQG and any relevant processes with FfD should be on this provision of climate finance through public sources where no return on investment is incurred , and does not add to pre-existing (and illegitimate) debt burdens of developing countries.",Positive,0.2
"With appropriate policy choices, developed countries have the means to mobilize well over USD 5 trillion in public climate finance per year .",Positive,0.19999999999999998
"The mounting socio-economic challenges and their long-lasting consequences demand that ODA be scaled up and upgraded to respond to new emerging trends in poverty levels and food insecurity, rising inequalities, endemic contexts for conflict, and growing impacts of climate change.",Positive,0.13636363636363635
"Amid the worsening climate crisis, climate finance must be in addition to ODA.",Neutral,0.0
"About

60% of LDCs are already in debt distress , a situation that seriously undermines a country’s ability to provide public services, undertake climate action and ensure human rights because of staggering debt payments.",Negative,-0.05833333333333333
"For countries in distress and even for those considered as “having sustainable debt”, prioritizing debt service payments in the context of multiple crises is often done at the expense of health, social protection, education, climate action and resilience and other basic needs.",Positive,0.0016666666666666663
"While the G20 has recognized the urgency of the debt crisis, the initiatives it has put in place to respond to rising debt levels have left many climate vulnerable countries trapped in unsustainable debt.",Negative,-0.05
Governments and institutions must provide debt cancellation in line with demands from countries in the global South that are particularly vulnerable to the adverse effects of climate change.,Negative,-0.25
"On the other hand, global North countries and industries must pay their climate debt by committing to climate financing including through loss and damage.",Negative,-0.0625
"The IMF’s ‘expanded mandate’ to new work areas such as climate, gender and inequality are even more worrisome.",Positive,0.21212121212121213
"While Special Drawing Rights could in principle be used for climate and development finance as they provide instantaneous debt-free support and can help with macroeconomic stability, their distribution according to quotas benefits powerful countries as opposed to those who need them most SDRs need to be decoupled from quotas to allow for a commensurate needs-based and fair distribution A meaningful reform of the IFA should be responsive to the needs of people and planet, and support structural transformations.",Positive,0.47142857142857136
"The Global South is looking to the Global North to be held accountable for their historical, economic, ecological, climate and aid debt.",Positive,0.12000000000000002
"While there have been numerous court cases against private companies, those relating to state responsibility and liability in terms of the climate crisis are currently being negotiated, including in the International Court of Justice, the Inter-American Court of Human Rights, and the International Tribunal for the Law of the Sea The FfD process is crucial in terms of raising awareness and creating the political momentum for a mechanism to allow for the consideration of reparations, particularly pertaining to economic justice.",Positive,0.03666666666666667
"Established at UNCAS in 2019 to scale up Early Warning and Early Action, REAP connects a diverse group of stakeholders in order to enhance the disaster preparedness and resilience of climate vulnerable countries.",Negative,-0.04999999999999999
"It bridges gaps across climate, development, and humanitarian sectors by fostering collaboration between diverse partners and communities.",Neutral,0.0
"It stresses that climate-related hazards and their impacts are increasingly predictable, and there is an opportunity to get ahead of disasters by using finance to protect development gains and reduce humanitarian needs.",Negative,-0.2
"To address these challenges, the Charter calls for better collaboration between the development, climate, peace, and humanitarian communities, as well as the public and private sectors, from the global to the local level.",Positive,0.1
"The Charter emphasizes the need for coherent and coordinated finance across climate change adaptation,

FfD 2024 Elements Paper: Input Paper from the Risk Informed Early Action Partnership response, recovery, and reconstruction efforts.",Positive,0.2333333333333333
"This risk- informed approach supports the ABAS, AAAA and the Pact for the Future, and also explicitly calls for risk-informed approaches on disaster resilience, climate action and sustainable development through more effective preparedness and response strategies supported by sustained development and resilience building efforts.",Positive,0.3
Unmet financing needs for SDGs and climate action are estimated to be in the trillions of dollars annually.,Positive,0.1
"Systemic risks, especially climate and disaster-related risks, have risen dramatically” Estimates suggest annual loss and damage costs associated with climate change will range from USD 290 to USD 580 billion by 2030.",Neutral,0.0
The Vulnerable Group of Twenty (V20) economies are estimated to have lost 20% of their Gross Domestic Product (GDP) over the last 20 years and significantly increased their indebtedness due to the adverse impacts of climate change.,Negative,-0.041666666666666664
"Over

FfD 2024 Elements Paper: Input Paper from the Risk Informed Early Action Partnership the same period humanitarian needs have escalated, with 83% of all disasters in the 2010s attributable to climate and extreme weather events, and many appeals left seriously under- funded.",Positive,0.03452380952380952
"And yet, to a large extent, the international system - in particular international ODA - continues to operate as if climate, development and humanitarian needs are distinct and discreet from each other and therefore justify the disparate and disjointed approaches to risk management, assistance and resourcing that currently prevail.",Positive,0.07942176870748299
"However, the tide and narrative are changing, and it is increasingly acknowledged at a global policy level - quite some time after it was flagged by the most climate vulnerable countries - that we cannot continue to operate under these false dichotomies and artificially entrenched ideas of linearity.",Negative,-0.2
"Getting Ahead of Disasters - A Collective Responsibility and a Pre-Requisite for Achieving and Protecting Sustainable Development Climate-related hazards and their impacts are increasingly frequent, increasingly severe, but also increasingly forecastable.",Positive,0.1
"There is much that can be done in advance, often well ahead, to ensure that risks are reduced, adaptation is supported, and finance is in place to enable action ahead of climate impacts.",Positive,0.15000000000000002
"FfD 2024 Elements Paper: Input Paper from the Risk Informed Early Action Partnership Progress will require actors to come together across states and regions; development, climate, peace and humanitarian communities; public and private sectors; from the global to the local.",Positive,0.03333333333333333
"Furthermore, many of these states face an existential risk due to the escalating impacts of the climate crisis.",Positive,0.1875
"And yet, as noted in the ABAS statement and elsewhere, the world’s most climate vulnerable consistently struggle with access to the resources- financial and otherwise- necessary for climate adaptation, DRR and response and sustained investment in national systems.",Positive,0.05
"Meeting the sustainable development priorities of SIDS and LDCs, while also building disaster and climate resilience, is a matter of survival and cannot be delayed.",Neutral,0.0
"c. International development cooperation Acknowledging that existing funding arrangements fall short of responding to current and future impacts of climate change, and in line with the United Nations Framework Convention on Climate Change and the Paris Agreement, the Sendai Framework for Disaster Risk Reduction, and ultimately the 2030 Agenda for Sustainable Development, we share the view that we must take further action in the face of rising loss and damage from climate impacts, to protect lives, livelihoods and development gains, and help ensure the dignity and rights of those who endure the worst impacts of climate change.",Negative,-0.1125
"An effective approach to loss and damage will require the fund and funding arrangements to coordinate effectively with other areas of international cooperation such as disaster risk management, climate mitigation and adaptation, development, humanitarian, and peace. ”",Positive,0.215
"Debt and debt sustainability When a country faces a disaster, it requires various forms of funding to address both the climate and debt crises.",Neutral,0.0
"Small Island Developing States (SIDS) especially require financial assistance throughout all three phases of post-disaster recovery to effectively prepare for, respond to, and recover from recurring climate shocks.",Positive,0.0875
"A number of systemic issues need to be addressed for this approach to be able to bear fruit and – in turn – an early action approach can then support and resolve other systemic issues: • Artificial divisions between climate, development and humanitarian finance prevent better alignment and complementarity between actors and efforts within these areas of intervention; • Overlapping and compounding hazards create complex crises that are difficult to manage without coherence, coordination and more integrated approaches between different actors; • Debt and lack of liquidity strangles governments – particularly Small Island States – and prevents them from managing risk more proactively; But as we start to adopt and integrate these approaches: • Limited resources can be utilized more effectively; • Risk-informed development reduces exposure to future risks; • Partnerships and collaboration will increase, thereby strengthening collective resilience and social capital; •",Positive,0.08746498599439777
"Early warning systems are urgently needed as climate change is causing more frequent and intense extreme weather events, resulting in widespread adverse impacts and related losses and damages to nature and people.",Positive,0.12916666666666665
"Launched in 2022 by United Nations Secretary-General, António Guterres,Early Warnings for All is a groundbreaking initiative to ensure that everyone on Earth is protected from hazardous weather, water, or climate events through life-saving early warning systems by the end of 2027.",Positive,0.35
"Specifically, it supports Goal 13 (Climate Action) by enhancing climate risk management and adaptive capacity.",Positive,0.1
"Most actors agree with and support calls for humanitarian, development and climate actors to work in closer harmony, across sectors and levels Multiple UN agencies are already implementing these approaches including UNDP, UNICEF, UNOCHA, WFP and UNDRR.",Positive,0.25
The Global Shield against Climate Risks led by the V20 and the InsuResilence Partnership in conjunction with the World Bank is monitoring the so called “protection gap” for disaster and climate vulnerable countries •,Negative,-0.25
"Within the Early Warnings and Early Action communities, cross sectoral and cross organisational efforts are underway to better understand what the various disparate reporting and tracking processes are telling us about the state of play on resilience, preparedness and early action- looking at figures such as OECD ODA reporting, climate finance tracking and sectoral tracking so that we may see them as more than the sum of their parts and gain a picture of the extent to which the most vulnerable countries and people are covered, protected and served REAP is engaged in all of these efforts and will aim to ensure they are connected and support the delivery of more effective early warning and early action interventions.",Positive,0.16111111111111112
"In doing so, emphasize the need for coherent and coordinated finance across climate change adaptation, development, and disaster risk management, aiming to overcome silos and fragmentation.",Positive,0.5
"This includes but is not limited to Public Financial Management, Social Welfare Systems, Financial Systems, official DRM structures and capacities and other relevant departments such as Health, Education, Sanitation etc 5) Call for a comprehensive and coordinated effort to achieve these goals with – not in isolation but in support of existing frameworks and initiatives that seek to address specific issues related to climate adaptation, long term resilience building and humanitarian needs.",Positive,0.02673160173160173
"Countering China and stemming migration, averting climate catastrophe to safeguard future generations, leveraging public resource to grow private investment and offering reparations for past injustices all inform claims on the purpose and rationale of development cooperation today.",Negative,-0.0625
"A. Helping the most marginalised in the least developed and most fragile countries B. Providing global public goods, in particular climate, for mutual benefit of all C. Transforming structures of injustice, in particular North-South economic relations, to address the historical causes of inequality.",Positive,0.1212121212121212
"As things stand, climate action and humanitarian crises are already crowding out traditional poverty reduction spending.",Positive,0.05
"Many donors described development funds as already being “cannibalised” by climate action, and ODA being used in all kinds of ways it wasn’t originally intended for ¾ hence the need for a clear rationale.",Positive,0.26875
"This much larger pot of money would then address development and poverty reduction, as well as wider climate change, pandemic preparedness, migration and other GPGs.",Negative,-0.0625
"However, within the boundaries of its original purpose, ODA could nonetheless grow its orientation towards climate adaptation and building resilience and be spent in ways that transform systems rather than maintain the status quo.",Positive,0.1375
4. Consider how to ensure that climate and development are mutually supportive objectives for development finance.,Positive,0.5
ODA as currently conceived cannot afford to ignore climate adaptation and resiliency.,Neutral,0.0
"As one participant stated, ""What kind of message would we give if ODA doesn't deal with climate at all?",Positive,0.6
"But equally, the South will not accept a shift towards climate if Northern obligations to 0.7 are not met and climate finance (mitigation, in particular) are not additional to ODA.",Positive,0.08333333333333333
"Drawing inspiration from climate finance, models such as carbon markets, adaptation funds, and impact bonds can be adapted to support STI projects.",Neutral,0.0
"International financial institutions can play a pivotal role by offering concessional loans and grants that reduce investment barriers for high-impact STI projects, especially in underfunded areas such as climate adaptation, health innovation, and digital transformation.",Positive,0.08333333333333333
"For example, investments in digital health systems can enhance healthcare delivery in remote areas, while innovations in sustainable agriculture can support food security and resilience to climate impacts.",Negative,-0.05
"In 2015, the global community adopted the 2030 Agenda to address critical challenges like poverty, inequality, and climate change through the SDGs.",Neutral,0.0
"A Global Financing Framework............................................................................................16 2.1 Overview of Global Financing Needs..............................................................................16 2.1.1 Financing Gaps in Sustainable Development.........................................................16 2.1.2 The Role of Finance in the Water-Food-Health Nexus...........................................17 2.2 Cross-Cutting Issues in Financing for Development........................................................17 2.2.1 Climate Change and Environmental Sustainability.................................................17 2.2.2 Poverty Reduction and Inequality...........................................................................18 2.2.3 Gender Equality and Social Inclusion.....................................................................18 2.2.4 Good Governance and Institutional Capacity.........................................................18 2.3 Principles of the UNFSD Framework...............................................................................19 2.3.1 Integration and Synergy..........................................................................................19 2.3.2 Efficiency and Effectiveness...................................................................................19 2.3.3 Transparency and Accountability............................................................................19 2.3.4 Equity and Inclusiveness........................................................................................19 2.3.5 Resilience and Sustainability..................................................................................20 2.4 Innovative Financial Instruments and Mechanisms.........................................................20 2.4.1 Blended Finance.....................................................................................................20 2.4.2 Impact Investing......................................................................................................20 2.4.3 Green and Blue Bonds............................................................................................21 2.4.4 Public-Private-Planet Partnerships.........................................................................21

3.a.1",Positive,0.12916666666666668
Global Funds and Initiatives...................................................................................37 3. c.4.1 The Green Climate Fund (GCF)....................................................................37 3. c.4.2,Negative,-0.1
"Improving Logistics and Transportation.........................................................46 3.d.4.2 Digital Trade Platforms...................................................................................47 3.d.5 Trade Finance and Export Credit............................................................................47 3.d.5.1 Access to Trade Finance...............................................................................47 3.d.5.2 Export Credit Agencies and Guarantees.......................................................48 3.e Debt and Debt Sustainability...........................................................................................48 3.e.1 Global Debt Landscape..........................................................................................49 3.e.1.1 Trends in Sovereign Debt Levels...................................................................49 3.e.1.2 Debt Vulnerabilities in Developing Countries.................................................49 3.e.2 Debt Sustainability Analysis....................................................................................50 3.e.2.1 Frameworks and Methodologies....................................................................50 3.e.2.2 Incorporating Climate and Nexus Risks.........................................................51 3.e.3 Debt Relief and Restructuring Mechanisms............................................................51 3.e.3.1 Paris Club and Multilateral Initiatives.............................................................51 3.e.3.2 Private Sector Involvement............................................................................52 3.e.4 Innovative Debt Instruments...................................................................................53 3.e.4.1 GDP-Linked Bonds........................................................................................53 3.e.4.2 Catastrophe Bonds and Disaster Risk Financing..........................................53 3.e.5 Debt Transparency and Management....................................................................54

3.",Positive,0.12
Emerging Issues....................................................................................................................75 5.1 Climate-Related Financial Risks......................................................................................75 5.1.1 Physical and Transition Risks.................................................................................75 5.1.2 Climate Risk Disclosure and Reporting..................................................................76 5.1.3 Stress Testing and Scenario Analysis.....................................................................77 5.2 Biodiversity Loss and Ecosystem Degradation................................................................78 5.2.1 Economic Impacts of Biodiversity Loss...................................................................78 5.2.2 Natural Capital Accounting.....................................................................................78 5.2.3 Ecosystem-Based Approaches to Development.....................................................79 5.3 Global Health Security and Pandemics...........................................................................79 5.3.1 Lessons from COVID-19.........................................................................................,Positive,0.06000000000000001
"● Enhances Resilience : Builds adaptive capacity to respond to climate change, environmental degradation, and other emerging challenges.",Negative,-0.125
"Climate-Related Financial Risks : Managing physical and transition risks associated with climate change through risk assessments, disclosures, and stress testing.",Neutral,0.0
"Leveraging resources from funds like the Green Climate Fund (GCF) and the Global Fund to Fight AIDS, Tuberculosis, and Malaria.",Negative,-0.1
Emerging Mechanisms ● Santiago Network for Loss and Damage : Operationalizing the network to provide technical assistance to countries vulnerable to climate change impacts.,Negative,-0.25
● Loss and Damage Finance Facility : Advocating for a dedicated facility to mobilize resources for addressing loss and damage from climate impacts.,Neutral,0.0
"Adopting the priorities of FFD4, UNFSD emphasizes the critical importance of Climate Finance by scaling up investments in mitigation and adaptation efforts, mainly focusing on the most vulnerable nations.",Positive,0.04166666666666666
"It acknowledges that climate change exacerbates inequalities and economic instability, necessitating a global financing framework prioritizing climate action within the Nexus.",Positive,0.10000000000000002
"This aligns with FFD4's call for enhancing global

Incorporating Sustainable Debt Solutions , UNFSD supports comprehensive debt restructuring frameworks, including debt-for-climate and debt-for-nature swaps , to promote long-term debt sustainability.",Neutral,0.0
It also promotes Innovative Financing Mechanisms like international solidarity taxes and global climate funds to finance international development priorities.,Positive,0.125
"It fosters collaboration, inclusivity, and adaptive strategies responsive to the dynamic challenges of the 21st century, addressing emerging issues such as climate-related financial risks, global pandemics and health security .",Neutral,0.0
"However, it has also heightened vulnerabilities to systemic risks such as financial crises, pandemics, and climate change.",Neutral,0.0
Climate change poses a particularly acute threat to sustainable development.,Positive,0.6
"Rising global

Intergovernmental Panel on Climate Change (IPCC) warns that without significant mitigation efforts, global warming could exceed 1.5°C above pre-industrial levels by 2040, with catastrophic consequences for ecosystems and human societies.",Positive,0.075
"The degradation of natural capital undermines ecosystem services that are essential for human well-being, economic activities, and climate regulation.",Positive,0.07500000000000001
"However, water scarcity affects more than 40% of the global population, a figure projected to rise due to climate change, population growth, and unsustainable water use.",Positive,0.125
"In 2019, approximately 690 million people were undernourished, exacerbated by conflicts, climate variability, and economic downturns.",Negative,-0.1
"● Climate Change Impacts : Altered precipitation patterns and extreme weather events disrupt water supplies and agricultural production, leading to food shortages and health crises.",Negative,-0.125
"Sustainability and Resilience : To promote investments that enhance environmental sustainability, support climate change mitigation and adaptation, and build resilience against shocks and stresses.",Neutral,0.0
● SDG 13: Climate Action : Integrating climate considerations into Nexus investments supports mitigation and adaptation efforts.,Positive,0.1
"Climate change, for instance, affects water availability, agricultural productivity, and the prevalence of vector-borne diseases.",Neutral,0.0
"● Section 3: Action Areas Delineates the specific domains where UNFSD can be operationalized, including

● Section 4: Emerging Issues Examines current and emerging challenges that may impact the effectiveness of UNFSD, such as climate-related financial risks, biodiversity loss, health pandemics, technological disruptions, and geopolitical shifts.",Positive,0.02
"● Emerging Global Challenges : The COVID-19 pandemic , climate change, and geopolitical tensions have intensified financing needs while straining existing resources.",Neutral,0.0
"2.2 Cross-Cutting Issues in Financing for Development 2.2.1 Climate Change and Environmental Sustainability Climate change poses systemic risks to economies, societies, and ecosystems.",Neutral,0.0
"Its impacts are cross-cutting, affecting all sectors, including those within the Nexus: ● Mitigation and Adaptation Financing : Significant investments are required to reduce greenhouse gas emissions and adapt to climate impacts.",Positive,0.375
"● Green Finance : Developing green financial products, such as green bonds and climate funds, mobilizes capital for environmental sustainability projects.",Negative,-0.12000000000000002
● Climate Risk Assessment :,Neutral,0.0
Incorporating climate-related risks into financial decision-making is essential for safeguarding investments and ensuring long-term viability.,Neutral,0.0
"● Risk Management : Identifying and mitigating risks, including those related to climate change, economic shocks, and social unrest.",Positive,0.07777777777777778
"Purpose : Finance marine and ocean-based projects with positive environmental, economic, and climate benefits.",Positive,0.21363636363636362
Climate and Gender Budgeting : Incorporate climate change and gender considerations into fiscal policies and budgeting processes.,Neutral,0.0
"● Ease of Doing Business : Simplifying administrative procedures, reducing bureaucratic hurdles, and streamlining business registration processes enhance the investment climate.",Neutral,0.0
● Policy Dialogue and Advisory Services : Engage with governments to improve the investment climate and provide technical assistance.,Neutral,0.0
"According to preliminary data from the Organisation for Economic Co-operation and Development (OECD) , ODA from members of the

increase was partly due to donor countries providing assistance to address the impacts of the COVID-19 pandemic and intensifying support for climate action.",Positive,0.05833333333333334
"As we look beyond 2030, it is imperative for developed countries not only to meet but exceed these targets to address the escalating challenges of sustainable development, climate change, and inequality.",Positive,0.05
"Collaborative responses to pandemics, climate change, and food security crises are vital to the UNFSD framework.",Positive,0.1
Climate Investment Funds (CIFs) :,Neutral,0.0
"Support climate mitigation and adaptation projects, aligning with sustainability goals and the Paris Agreement.",Neutral,0.0
3. c.4.1 The Green Climate Fund (GCF) ● Mandate ○,Negative,-0.2
"Established under the United Nations Framework Convention on Climate Change (UNFCCC) , the GCF finances climate change mitigation and adaptation projects in developing countries, pivotal in the global climate response and achieving the Paris Agreement goals.",Positive,0.25
"Project Support : Funds projects in renewable energy, energy efficiency, sustainable transport, forestry, and climate-resilient infrastructure, which are critical for achieving sustainable development and addressing the Water-Food-Health Nexus challenges.",Neutral,0.0
"Carbon Taxes and Emission Trading Systems : Levies on carbon emissions to internalize environmental costs, reduce greenhouse gas emissions, and generate revenue for climate action and sustainable development.",Positive,0.1
"● Rationale ○ Global Public Goods : Funds raised address issues that transcend national borders, such as climate change, pandemics, and extreme poverty, aligning with the UNFSD objectives and promoting collective action.",Negative,-0.004999999999999999
"3.c.6 Emerging Mechanisms by 2025 As global challenges evolve, new mechanisms are being developed to address emerging needs, particularly related to climate change, loss and damage, and resilience building.",Positive,0.05909090909090909
"Established under the Warsaw International Mechanism for Loss and Damage associated with climate change impacts, the Santiago Network aims to catalyze technical assistance for developing countries that are particularly vulnerable to the adverse effects of climate change.",Negative,-0.16666666666666666
"Addressing Loss and Damage : Recognizes the importance of addressing loss and damage as a separate pillar in climate action, complementing mitigation and adaptation efforts, and acknowledging the irreversible impacts of climate change on vulnerable communities.",Negative,-0.2
"Support for Vulnerable Countries : Provides targeted assistance to countries disproportionately affected by climate change, enhancing resilience, recovery, and sustainable development within the UNFSD framework.",Negative,-0.5
"3. c.6.2 Other Mechanisms Available by 2025 ● Global Goal on Adaptation ○ Mandate ■ Under the Paris Agreement , parties are working towards establishing a Global Goal on Adaptation to enhance adaptive capacity, strengthen resilience, and reduce vulnerability to climate change.",Positive,0.06875
"● Private Sector Engagement Platforms ○ Sustainable Finance Initiatives ■ Platforms like the Task Force on Climate-related Financial Disclosures (TCFD) , the Network for Greening the Financial System (NGFS) , and the Glasgow Financial Alliance for Net Zero (GFANZ) encourage private sector alignment with sustainable development goals.",Neutral,0.0
Climate Change : Increased frequency of natural disasters imposes additional fiscal pressures.,Positive,0.1
3.e.2.2 Incorporating Climate and Nexus Risks Incorporating climate change and risks related to the Water-Food-Health Nexus into DSA is critical for a comprehensive assessment.,Neutral,0.0
● Climate Change Considerations : ○,Neutral,0.0
● Adjusting Macroeconomic Projections : ○ Growth Projections : Account for potential negative impacts of climate events on GDP growth.,Negative,-0.15
Revenue Projections : Consider potential declines in revenue from climate-sensitive sectors.,Neutral,0.0
Climate-Adjusted Debt Indicators : Incorporate potential contingent liabilities arising from climate-related disasters.,Negative,-0.05
Stress Tests : Design climate-specific stress tests to evaluate resilience under extreme scenarios.,Negative,-0.125
● Climate-Smart Agriculture ○,Neutral,0.0
Objectives ■ Enhancing resilience to climate change.,Neutral,0.0
Global Risk Monitoring Continuous data collection supports the monitoring of the following: ● Climate Change Indicators :,Neutral,0.0
"Integration with Global Institutions The Observatory Protocol collaborates with global institutions to enhance its impact: ● United Nations Agencies : Aligning with UN frameworks on disaster risk reduction, climate action, and sustainable development.",Positive,0.03333333333333333
Future Development and Scaling The OP is designed for continuous evolution to meet emerging challenges: ● Integration with Climate Finance Mechanisms : Leveraging data-driven approaches to access and manage climate adaptation funds.,Neutral,0.0
5.1 Climate-Related Financial Risks Climate change poses profound risks to the global economy and financial systems.,Positive,0.020833333333333332
Understanding and managing climate-related financial risks is essential for safeguarding financial stability and ensuring that capital is allocated effectively to support sustainable development.,Positive,0.15
The World Economic Forum estimated that climate-related disasters caused over $210 billion in economic losses in 2020 alone.,Positive,0.2
"This includes policy changes, technological advancements, and shifts in market preferences to mitigate climate change.",Neutral,0.0
5.1.2 Climate Risk Disclosure and Reporting ● Importance of Disclosure ○,Neutral,0.0
"Investor Decision-Making : Transparent disclosure of climate-related risks enables investors to assess companies and financial institutions' exposure to these risks, facilitating informed investment decisions.",Neutral,0.0
"Market Efficiency : Improved disclosure enhances market efficiency by integrating climate risks into asset prices, promoting capital allocation towards sustainable activities.",Neutral,0.0
"● Frameworks and Standards ○ Financial Disclosure Frameworks (FDFs) ■ Recommendations : The FDFs provide a framework for companies to disclose climate-related financial risks in four areas: governance, strategy, risk management, and metrics and targets.",Neutral,0.0
"■ Adoption : The global community supports the FDF recommendations, indicating growing recognition of the importance of climate risk disclosure.",Neutral,0.0
"Sustainability Accounting and Reporting Initiatives ■ Provide industry-specific standards and guidelines for reporting environmental, social, and governance (ESG) issues, including climate risks.",Positive,0.03333333333333333
"● Regulatory Developments

■ Some jurisdictions are moving towards mandating climate risk disclosures.",Neutral,0.0
"Central Bank Initiatives ■ Through networks like the Network for Greening the Financial System (NGFS) , central banks and supervisors are advocating for enhanced climate risk reporting to ensure financial stability.",Neutral,0.0
5.1.3 Stress Testing and Scenario Analysis ● Purpose of Climate Stress Testing ○,Neutral,0.0
Assess the resilience of financial institutions and the broader financial system to climate-related shocks.,Neutral,0.0
Physical Risk Assessment ■ Analyzing the impact of acute climate events and chronic changes on asset valuations and creditworthiness.,Positive,0.3
■ Incorporating climate models and geographical data to simulate potential losses.,Neutral,0.0
"NGFS Scenarios ■ Provide standardized scenarios for central banks and supervisors to assess climate risks, considering different trajectories of climate policy and physical impacts.",Neutral,0.0
"Integrated Assessment Models (IAMs) ■ Combine economic, energy, and climate models to project the interactions between climate policies and financial outcomes.",Positive,0.1
● Implementation by Financial Institutions ○ Banks and insurers are integrating climate stress tests into their risk management processes.,Neutral,0.0
Regulators are beginning to require or encourage climate stress testing.,Neutral,0.0
"For instance, the Bank of England conducted a climate biennial exploratory scenario (CBES) exercise.",Neutral,0.0
"Regulating Services : Climate regulation, water purification, pollination, and disease control.",Neutral,0.0
"Nature-Based Solutions ■ Utilizing natural processes and ecosystems to address societal challenges, such as climate change mitigation and adaptation.",Positive,0.05
Climate Resilience ■ Enhanced capacity to adapt to climate change impacts through healthy ecosystems.,Positive,0.5
"5.5 Geopolitical Tensions and Global Cooperation Geopolitical dynamics significantly influence global economic stability, trade relations, and the ability to cooperate on transnational challenges such as climate change and pandemics.",Positive,0.11499999999999999
Climate Change ■ Upholding commitments under the Paris Agreement and enhancing ambition.,Neutral,0.0
"Emerging issues such as climate-related financial risks, biodiversity loss, global health threats, technological disruption, and geopolitical tensions present complex challenges that require proactive and coordinated responses.",Negative,-0.06
"Thematic and Convention Reports : These are obligations under international agreements, such as reporting on climate actions under the UNFCCC or biodiversity commitments under the Convention on Biological Diversity (CBD) .",Neutral,0.0
"● Supporting International Frameworks ○ Global Monitoring Reports : International organizations produce reports that assess global progress on SDGs, climate change, and other vital areas.",Positive,0.03214285714285715
"7.3 Resilience and Adaptation Building resilience and adaptive capacity is crucial in the face of climate change, environmental degradation, and increasing frequency of natural disasters.",Positive,0.05
"7.3.1 Building Adaptive Capacity ● Climate-Smart Practices Adopting climate-smart agriculture, sustainable water management, and renewable energy technologies enhances communities' ability to adapt to changing environmental conditions.",Neutral,0.0
"● Financial Instruments for Adaptation Developing financial mechanisms, such as climate adaptation funds and resilience bonds, mobilizes resources specifically for adaptation efforts.",Neutral,0.0
10.Green Climate Fund (GCF).,Neutral,0.0
Force on Climate-related Financial Disclosures (TCFD).,Neutral,0.0
Guide to Climate Scenario Analysis for Central Banks and Supervisors .,Neutral,0.0
79.Intergovernmental Panel on Climate Change (IPCC).,Neutral,0.0
"Enhancing PDBs’ ambition to make them “SDGs enablers” - Converge the mandates of all PDBs around the world, around a “dual mandate” model that integrates (1) national priorities— such as poverty reduction, industrialization, job creation, and economic growth—and (2) addressing global challenges, including urgent climate action, biodiversity and inequalities - In order to encourage and monitor the redirection of financial flows, foster the adoption and refining of sustainability mainstreaming among all PDBs, at both entity and operations level 2.",Positive,0.06000000000000001
Increasing and boosting PDBs’ means to finance sustainable development - Proceed to a capital adequacy framework (CAF) review and balance sheet optimization work at the perimeter of FiCS - Create a fast track or “one for all” accreditation process that would simplify access to multilateral funds for PDBs that have undergone substantive efforts of climate and SDG alignment and work towards streamlining the negotiation process after accreditation 5.,Positive,0.15000000000000002
"Geographically: insufficient amounts and accessibility of financial resources to the most vulnerable countries - Urgency to streamline the multiplicity of frameworks and standards on sustainable development financing that troubles accountability and incentives o ODA, TOSSD, climate finance, competing taxonomies, ESG criteria etc. - Capacity to unlock more ambition to implement the 2030 Agenda and the SDGs, the Paris Agreement on Climate Change, the Sendai Framework for Disaster Risk Reduction and the Kunming-Montreal Biodiversity Framework, with a special focus on scale and leveraging effects required from public and private resources Objective: redirecting financial flows (public and private) towards sustainable and inclusive development to achieve a just transition that leaves no one behind.",Positive,0.0380952380952381
"Enhancing PDBs’ ambition to make them “SDGs enablers” - Converge the mandates of all PDBs around the world, around a “dual mandate” model that integrates (1) national priorities— such as poverty reduction, industrialization, job creation, and economic growth—and (2) addressing global challenges, including urgent climate action, biodiversity and inequalities - In order to encourage and monitor the redirection of financial flows, foster the adoption and refining of sustainability mainstreaming among all PDBs, at both entity and operations level.",Positive,0.06000000000000001
"That notably entails: o Setting clear metrics for climate and SDGs aligned finance projects, particularly in developing countries.",Positive,0.20416666666666666
"Encouraging and assisting all PDBs to adopt sustainability impact assessments/filters as an internal steering mechanism for financing decisions, enabling better characterization of alignment or misalignment with sustainability goals, in line with PDBs’ sustainable development financing mandate o Bolstering the adoption on a global level the MDBs-IDFC Common principles for climate and SDGs aligned finance - Explicitly mention the role of PDBs of all sizes in the assessment, the design and the implementation of the national green investment strategy in Nationally Determined Contributions (NDCs), Long- Term Strategies (LTS), National Adaptation Plans (NAPs) and National Biodiversity Strategies and Action Plans (NBSAPs).",Positive,0.0071428571428571435
"- Encourage dialogue and coordination among credit rating agencies, financial regulators, private sector and PDBs operating in developing countries on debt management issues, to further refine the methodologies of rating agencies and more realistically capture credit risks in developing and emerging markets - Risk perception: o Facilitate the contribution of PDBs and their partners to the Global Emerging Market Risk Database (GEMs) to share data for improving the accuracy of risk assessments by rating agencies and lowering the overall risk perceived by international private investors o Better take into account the positive impact of climate and sustainable development investments on the Capital Adequacy Ratios and ratings 4.",Positive,0.11611570247933885
"Increase the capital of all PDBs and concessional finance flows, building on their respective comparative advantages and to increase the quality of their operations o Proceed to a Capital Adequacy Framework (CAF) review and balance sheet optimization work at the perimeter of FiCS - Create a fast track or “one for all” accreditation process that would simplify access to multilateral funds for PDBs that have undergone substantive efforts of climate and SDG alignment and work towards streamlining the negotiation process after accreditation o Allow TA and capacity-building programs for capacity-lacking PDBs to gain access to multilateral climate funds which accreditation requires massive efforts - Leverage local currency solutions and risk mitigation instruments to attract domestic private capital : see FiCS and IDFC work with TCX to develop a capacity building program to strengthen currency risk management combined with concessional hedging program - Foster dedicated technical assistance to support the refining of PDBs activities for a systematic integration of environmental and social considerations.",Positive,0.043333333333333335
"In particular, more grants should be dedicated to technical assistance for project preparations and the setting of widely accessible project preparation funds - Make the most of the PDBs ecosystem’s expertise to foster innovative financial instruments at the service of sustainable development (e.g. Climate-resilient-debt clauses, local currency risks management, or Debt-to-nature swaps) 5.",Positive,0.2552083333333333
"2. Contributing to the transformation of the global financial system ; from financing transition to transitioning finance - Imperative cooperation and dialogue among all financial stakeholders (MoF for Climate Action, NGFS, GISD, GFANSZ, UNEP-FI, ISSB, etc.) to redirect all flows: need for a refined and shared conception of sustainable development financing.",Positive,0.025
Redefining Credit Ra(cid:415)ngs for Small Island Developing States: The role credit ra(cid:415)ng could play in strengthening climate resilience - Ritu Bharadwaj 1.,Negative,-0.25
"2. How climate change is impacting credit rating parameters in SIDS Despite contribu(cid:415)ng less than 1% to global emissions, SIDS are significantly impacted by climate change, including tropical storms, flooding, and rising sea levels.",Positive,0.06944444444444445
Historical ra(cid:415)ng reports indicate that climate risk has consistently been a reason for ra(cid:415)ng adjustments.,Positive,0.125
"As climate risks intensify, their impact on sovereign ra(cid:415)ngs is expected to become more significant.",Positive,0.25833333333333336
"To understand this be(cid:425)er, we analysed how climate change affects key indicators that credit ra(cid:415)ng agencies use to assess sovereign credit ra(cid:415)ng under four parameters: suscep(cid:415)bility to risks, economic strength, fiscal strength, and external vulnerabili(cid:415)es.",Positive,0.06666666666666667
Scale of climate impact on economy: The scale of climate impact on the economy is par(cid:415)cularly severe for SIDS.,Neutral,0.0
"From 1970 to 2020, weather, climate, and water-related events cost SIDS US$153 billion, a significant amount, given their average GDP is US$13.7 billion .",Positive,0.1125
"Impact of climate on fiscal health: The fiscal balance, which reflects financial health of a country, is adversely affected during high-intensity disaster periods for SIDS, with average deficits worsening from -2.83% in low- disaster intensity periods (2007-2009) to -4.53% in high-disaster intensity periods (2020-2021).",Negative,-0.049999999999999996
Climate impacts exacerbate external vulnerabili(cid:415)es: SIDS o(cid:332)en rely on external borrowing to finance development and respond to shocks.,Neutral,0.0
"To understand the impact of climate disasters on SIDS' external debt, we compared two periods: Period I (2007-09) of minimal disaster intensity and Period II (2020-21) of high disaster intensity.",Positive,0.02
"This analysis demonstrates that it is not poor economic and financial management driving these countries into debt and low economic growth trajectories but rather the escala(cid:415)ng impacts of climate change, which need to be adequately reflected in credit ra(cid:415)ng parameters.",Positive,0.15555555555555556
"This oversight results in inadequate ra(cid:415)ngs and higher borrowing costs, undermining climate jus(cid:415)ce and hampering the ability of these na(cid:415)ons to invest in resilience and protect themselves from future climate shocks.",Positive,0.125
These projec(cid:415)ons highlight the extreme vulnerability of SIDS to rising disaster intensity due to climate change.,Negative,-0.125
We used the Synthe(cid:415)c Control Method (SCM) to create a counterfactual scenario es(cid:415)ma(cid:415)ng what the credit ra(cid:415)ngs of SIDS would have been without climate-related disasters.,Neutral,0.0
The findings call for credit ra(cid:415)ng agencies to incorporate climate risks more comprehensively to support sustainable development.,Positive,0.5
"4. How to enhance resilience and credit stability in the face of climate impacts: Recommendations for FFD4 A more nuanced ra(cid:415)ng methodology that adequately reflects climate risk, economic challenges, and opportuni(cid:415)es associated with resilience investment is essen(cid:415)al.",Positive,0.3444444444444444
"This risk-centric approach, while essen(cid:415)al, o(cid:332)en overlooks significant opportuni(cid:415)es for investment that can drive sustainable growth and resilience—especially in climate-vulnerable regions like SIDS and Least Developed Countries (LDCs).",Positive,0.05833333333333334
"Inves(cid:415)ng in resilience measures—such as disaster preparedness, climate-resilient infrastructure, and low-carbon technologies—offers significant economic returns while reducing risks.",Positive,0.2875
"Physical capital includes infrastructure such as roads, ports, energy systems, and communica(cid:415)on networks that are crucial for economic ac(cid:415)vity and resilience to climate impacts.",Positive,0.05
"To support this, we propose the establishment of a new credit ra(cid:415)ng en(cid:415)ty that specialises in assessing resilience investments and broader development opportuni(cid:415)es for climate-vulnerable na(cid:415)ons.",Positive,0.13636363636363635
This would allow a more holis(cid:415)c evalua(cid:415)on of SIDS’ and LDCs economic poten(cid:415)al and encourage the much-needed private sector investment in climate resilience and sustainable development.,Positive,0.2333333333333333
"2. Adop(cid:415)ng a Mul(cid:415)dimensional Vulnerability Index (MVI) for SIDS credit ra(cid:415)ngs Tradi(cid:415)onal credit ra(cid:415)ng methodologies fail to adequately capture the unique vulnerabili(cid:415)es of SIDS as well as LDCs that make them suscep(cid:415)ble to external economic shocks and climate risks, leading to low credit ra(cid:415)ngs.",Positive,0.06805555555555555
"For example, limited popula(cid:415)ons, geographical isola(cid:415)on, and a narrow resource base compel SIDS to heavily depend on external markets, which increases their exposure to both global economic shi(cid:332)s and climate-related disrup(cid:415)ons.",Negative,-0.15306122448979595
"Precipita(cid:415)ng factors - These are immediate triggers such as climate-induced disasters, including tropical storms, rising sea levels, and extreme weather events.",Negative,-0.0625
"Climate change dispropor(cid:415)onately impacts SIDS, driving economic instability and declining credit ra(cid:415)ngs.",Positive,0.2
"This was evident in the case studies of Grenada, Papua New Guinea, and Belize, where intense climate events led to sharp declines in credit ra(cid:415)ngs, unrelated to poor economic management but directly linked to climate disasters.",Positive,0.051623376623376634
"For instance, incorpora(cid:415)ng such protec(cid:415)ve measures into credit ra(cid:415)ngs would not only reflect the risks faced by SIDS but also recognize their efforts towards climate adapta(cid:415)on and resilience.",Neutral,0.0
"It would also provide a clearer basis for iden(cid:415)fying targeted policy interven(cid:415)ons (protec(cid:415)ve factors) to strengthen resilience, support sustainable development, and align with the broader goal of climate jus(cid:415)ce.",Neutral,0.0
"3. Incorpora(cid:415)ng disaster-linked debt relief mechanisms into credit ra(cid:415)ng methodologies Climate-related disasters lead to severe economic disrup(cid:415)ons, o(cid:332)en requiring substan(cid:415)al financial resources for recovery.",Positive,0.1
"Furthermore, credit ra(cid:415)ng agencies should increase the transparency of their methodologies by providing clear guidelines on how various factors—including climate risks and resilience investments—are assessed.",Positive,0.049999999999999996
The recommenda(cid:415)ons suggested are not merely methodological adjustments but are essen(cid:415)al transforma(cid:415)ons needed to uphold climate jus(cid:415)ce and ensure sustainable development for vulnerable na(cid:415)ons.,Negative,-0.125
"This will require coordinated efforts of all stakeholders — including credit ra(cid:415)ng agencies, interna(cid:415)onal financial ins(cid:415)tu(cid:415)ons, MDBs, governments, and the private sector — in establishing a new credit ra(cid:415)ng mechanism and en(cid:415)ty that recognises both risks and opportuni(cid:415)es for investment in climate resilience and social development.",Positive,0.04242424242424242
"This would help level the financial playing field for SIDS and LDCs, enhance their access to interna(cid:415)onal capital markets, and ul(cid:415)mately support their long-term economic growth and climate resilience.",Positive,0.1
"Inputs for an Elements Paper on Financing for Development Building on the Pact for the Future and recognizing the urgency to achieve the commitments made by the international community in several multilateral environmental agreements, IUCN recommends that the fourth International Conference on Financing for Development results in commitments to reform the International Financial Architecture so that it promotes concrete actions to address the interlinked challenges of climate change, biodiversity loss and land degradation.",Positive,0.027777777777777776
"This is illustrated, for example, by the challenges faced by South Africa in implementing its green finance taxonomy, which closely follows the EU taxonomy (Hilbrich et al., 2023).",Negative,-0.2
"In S. Boubaker & Thai Ha Le (Eds.), Green finance and Sustainable Development Goals (pp. 143-166).",Negative,-0.2
"(a revised version will soon be published at Climate Policy) UN DESA (United Nations-Department of Economic and Social Affairs )(2024): Financing for Sustainable Development Report 2024, Financing for Development at a Crossroads, Inter-agency Task Force on Financing for Development (IATF) report,https://desapublications.un.org/publications/financing-sustainable-development-report-2024 UN-DESA & IPSF (United Nations-Department of Economic and Social Affairs and International Platform on Sustainable Finance).",Positive,0.09333333333333334
"The approved limit of SDR15 billion could increase lending by four-fold, including through supporting the goals of G20 Global Alliance against Hunger and Poverty, the sustainable development and climate goals.",Positive,0.125
"The global community is falling short of attaining climate and development goals, and in providing the commensurate financial support to developing countries towards achieving them.",Neutral,0.0
"Recognizing the varying national circumstances, we call for accelerating climate action based on equity and the principle of common but differentiated responsibilities and respective capabilities .",Negative,-0.06666666666666667
"Therefore, climate change strategies must incorporate the needs of EMDEs, and mitigation and adaptation actions should aim at ensuring accessibility to all types of energy, and energy security, bearing in mind sustainable development and efforts to eradicate poverty.",Neutral,0.0
"- Embed transparency and accountability safeguards in new forms of development finance including private funding and lending, PPPs, country-level finance, green bonds and emerging climate-related funds.",Negative,-0.02121212121212122
"Corruption risks are a major concern for climate finance Without adequate oversight mechanisms and robust anti-corruption safeguards, the massive amount of funds dedicated to tackling the climate crisis risk being misappropriated, stolen or squandered.",Positive,0.13194444444444445
"Combating corruption that facilitates environmental crimes , such as wildlife trafficking, deforestation, illegal mining and waste

trafficking, must be another focus of States to ensure effective action against environmental degradation and climate change, by: - Leveraging the UNCAC and other anti-corruption agreements to prevent bribery, embezzlement, money laundering and corruption linked to the management and use of funds for climate action .",Negative,-0.0035714285714285665
"- Establishing anti-corruption safeguards and oversight mechanisms in climate financing to ensure the proper financial management of climate funds, globally and at the regional and national levels.",Neutral,0.0
"- Formally addressing the linkages between corruption, organized crime and climate change through systematic coordination and cooperation between the UNCAC and environmental agreements such as the UN Framework Convention on Climate Change (UNFCCC), the UN Convention against Transnational Organized Crime (UNTOC), the Convention on Biological Diversity (CBD) and the Convention on International Trade in Endangered Species of Wild Fauna and Flora (CITES).",Positive,0.03333333333333333
"- Actively promote, support and defend civil society actors' engagement in efforts to prevent and combat corruption in climate finance and action.",Negative,-0.016666666666666663
"Public participation in the development and implementation of climate finance projects, strong protection of whistleblowers and of activists, journalists, indigenous peoples and other actors is critical to achieving climate protection goals and providing benefits to communities most affected by climate change.",Positive,0.16166666666666668
"After the recent crises, poverty, hunger and inequality have increased, and climate change is one of the greatest challenges of our time, together with biodiversity loss, with adverse impacts that are disproportionately felt in vulnerable developing countries.",Positive,0.16666666666666666
All parties must reinforce their commitments towards financing these major global challenges so that no country has to choose between fighting poverty and fighting climate change.,Positive,0.03125
"To address the climate and development financing gap, we must mobilize new and predictable resources that do not add to debt burdens.",Negative,-0.03181818181818183
Complementarity of climate and environment protection finance and adequate emphasis on adaptation.,Positive,0.3333333333333333
"Pending the outcomes of COP29 on a new collective quantified goal on climate finance post-2025, we recognize the urgent need to mobilize new and additional finance from all sources to support developing countries in their green transition in a just, predictable and equitable manner, and in their adaptation and resilience to the impacts of climate change and other environmental crises, without leaving behind other SDGs.",Negative,-0.11103896103896105
"We should do so on key areas that can deliver win-win solutions on the SDGs, climate change NDC and NAPs and on the Kunming-Montreal targets on biodiversity, such as nature-based solutions, sustainable agriculture and food systems, renewable energy, and sustainable water management.",Neutral,0.0
We should promote the harmonization and interoperability of climate finance taxonomies in order to incentivize private sector investments.,Neutral,0.0
"ODA finances both sustainable development, including adaptation to climate change, and humanitarian aid, and it is important to ensure that the Humanitarian-Development-Peace nexus remains adequately funded and coordinated, and that innovative approaches are used.",Positive,0.41111111111111115
"We call for the systematic integration of harmonized debt pause clauses into loans to developing countries, including by private creditors, that include climate change hazards, pandemics and food insecurity crises.",Neutral,0.0
AEF identifies five key areas where this partnership can have the greatest impact: · Domestic Resource Mobilization & Combatting Illicit Financial Flows; · Global Tax & Reform of International Financial Architecture; · Carbon Markets and Energy for Locally Led Industrialization; · Resilient Health Systems and Climate-Health Financing; · Mechanisms for Policy/Financial Commitment Tracking.,Positive,0.125
Traditional debt management strategies like reprofiling and climate-action-related debt swaps have failed to achieve long-term effectiveness.,Negative,-0.25
"Enhance Capacity for Climate Finance Mobilization : The Climate Policy Initiative estimates that Africa needs $2.8 trillion from 2020 to 2030 to meet its Nationally Determined Contributions under the Paris Agreement, but currently mobilizes only $30 billion annually.",Neutral,0.0
"To address these challenges, African countries must access available resources from climate commitments, enhance capacity for utilizing the UNFCCC Toolkit to Improve Climate Finance Access, and develop robust national strategies and institutions.",Positive,0.2
"Additionally, climate change should be integrated into domestic funding priorities and fiscal decision-making processes.",Neutral,0.0
"Carbon pricing mechanisms have the greatest potential for global climate and socio-economic impact if they pair the high demands for transparency, integrity and quality with fair and equitable market access and revenue distribution.",Positive,0.372
Resilient Health Systems and Climate-Health Financing,Neutral,0.0
EALTH N EXUS Integrate health into climate strategies: The Global Goal on Adaptation should include health targets to ensure that climate adaptation measures also bolster health systems.,Neutral,0.0
"Similarly, the New Collective Quantified Goal on Climate Finance should allocate funds specifically for health-related climate adaptation and mitigation.",Positive,0.06818181818181818
Promote sustainable health infrastructure: Invest in green health infrastructure that reduces carbon footprints and withstands climate impacts.,Negative,-0.2
"For example, the Africa-Europe Climate and Health Research Network brings together researchers from both continents to study the impacts of climate change on health.",Neutral,0.0
"Besides this guiding principle, two cross-cutting issues should be considered in each chapter of the FfD4 outcome document, climate and gender.",Neutral,0.0
"On climate, we must take note of the results of COP29 and the negotiations on a New Collective Quantified Goal .",Positive,0.13636363636363635
"Special attention should be paid to access to finance of low income countries and climate vulnerable states such as SIDS, particularly for adaptation.",Positive,0.0047619047619047615
"Furthermore, a sound business climate requires fair and predictable taxation of enterprises, and SMEs in particular , supporting the private sector as an engine of sustainable growth and decent employment.",Positive,0.21190476190476196
"Reference to its importance has already been made in the AAAA, but distinction in the chapter between Foreign Direct Investement (FDI) (including the need for Environmental, Social and Governance (ESG), and an adequate local investment climate) and impact investing was for example not dissected effectively.",Positive,0.15694444444444444
"Access to financing instruments, e.g. the Green Climate Fund, requires simplification of administrative procedures and eligibility.",Negative,-0.2
"We also need to push for the entry into force of the plurilateral WTO agreement Investment Facilitation for Development (IFD) , to further enhance investment and business climates.",Neutral,0.0
"Full integration of debt to state-owned enterprises (SOEs), bilateral debt, domestic debt and climate risks is important.",Positive,0.25
Climate Resilient Debt Clauses will become more important in this regard.,Positive,0.45
"Additionally, debt distress, vulnerabilities to external and climate shocks, rising inequality, technology gap and lack of private sector investment exacerbate the problem.",Neutral,0.0
"Interconnected issues like climate change, debt vulnerabilities, inequality, and geopolitical situations are straining existing financial systems, making it harder to mobilize the resources needed for sustainable development.",Negative,-0.05
"This will facilitate scaled-up investments in SDG priorities such as climate action, social protection, and industrialization, ensuring the better alignment of international support with national goals.",Positive,0.12666666666666665
"The cost of capital remains disproportionately high, and financing for investments in areas like climate technologies and infrastructure is often more expensive than in developed countries.",Positive,0.065
"This cooperation, involving key elements such as Multilateral Development Banks (MDBs), Official Development Assistance (ODA), and climate finance mechanisms , aims to enhance resource mobilization, foster capacity building, and promote innovative financing approaches.",Positive,0.15
"Climate vulnerability is closely linked to a country's level of development, making climate finance essential for promoting resilience and economic growth.",Positive,0.1
"The scope and speed of climate finance must be significantly increased, with developed countries fulfilling their commitment under the Paris Agreement to mobilize USD 100 billion annually for developing nations.",Positive,0.2375
"While, the delivery has been dismal in terms of volume and accessibility, there is a need to set an ambitious, transparent and trackable New Collective Quantified Goal (NCQG) of climate finance, taking into account the needs and priorities of developing countries.",Positive,0.19318181818181818
" Countries in debt distress often face significant climate vulnerabilities, prompting the exploration of innovative instruments such as Climate Resilient Debt Clauses (CRDCs) and debt swaps .",Positive,0.2916666666666667
"The international financial architecture faces heightened risks from geopolitical situations, rising living costs, interest rate fluctuations, and climate-related uncertainties.",Neutral,0.0
Financial regulation- There are several risks and opportunities arising from technological advancements and climate change that need to be addressed through the implementation of financial regulations.,Neutral,0.0
"Additionally, integrating climate risks into financial regulations will be critical in mitigating environmental impacts on economic stability.",Positive,0.06666666666666667
" Research in Emerging Fields: Forging public-private partnerships in emerging fields such as Quantum Technology, Green Energy, and Climate Action will drive innovation and development.",Negative,-0.03333333333333333
 ODA for Sustainable Development and Climate Finance: Developed countries must fulfil their ODA commitments to provide adequate development finance to developing countries.,Positive,0.21666666666666667
"Developed countries should also multiply their contribution, especially through concessional/grant financing for climate action.",Positive,0.05
Providing new and additional financial resources and the transfer of technology to address the global climate change challenge are among the commitments and responsibilities of the developed countries under the UNFCCC and the Paris Agreement.,Positive,0.05909090909090909
"Key Messages As highlighted in the Independent High-Level Expert Group on Climate Finance, the current international financial architecture is failing to tackle the unprecedented climate and development crises we are facing, both in terms of scale and speed.",Positive,0.09999999999999999
"An urgent and comprehensive reform of the current financial ecosystem is imperative, through redefining the roles and responsibilities of every stakeholder involved - from multilateral development banks (MDB) and multilateral climate funds (MCF) to bilateral agencies, private sector players, philanthropies, and civil society organizations.",Positive,0.04
"Each of these entities holds a piece of the puzzle, and only through coordinated and inclusive approach and action, where all of them should be part of the debate and discussion, can we hope to mobilize the necessary resources and expertise to meet the existential development and climate challenges.",Positive,0.03333333333333333
"The renewed finance framework will require an integrated approach that boosts all sources of finance, public and private, domestic and international, to mobilize the scale and quality of finance required and deliver on the global development and climate goals.",Neutral,0.0
"They have long been central players in financing development projects, from

in order to direct significantly additional financing toward climate resilience and green infrastructure.",Positive,0.045
"It also means further aligning their activities with the goals of the multilateral climate funds like the GCF, creating a coordinated pipeline of financing, capacity building and policy support at country level that addresses both immediate adaptation needs and long-term decarbonization.",Positive,0.05
"Despite significant pledges, persistent barriers remain, including the fragmented nature of climate finance, complex access requirements, and limited concessional finance, that are slowing the flow of funds to where they are most needed.",Positive,0.12589285714285714
The GCF plays a pivotal and catalytic role in providing concessional finance by offering funding at more favorable terms than market rates to support climate action in developing countries.,Positive,0.3666666666666667
"The GCF’s concessional finance help scale up climate actions by lowering financial barriers, mobilizing private and public sector funding, and driving investment in areas where market-based finance is insufficient.",Neutral,0.0
Public finance alone cannot close the vast funding gap needed to address climate change.,Neutral,0.0
"Policymakers must create the conditions for the private sector to invest more heavily in climate solutions, especially in the adaptation area.",Positive,0.075
"Beyond the financial incentives, businesses must also be held accountable for incorporating climate risk into their operations and investments.",Neutral,0.0
"Climate change is not just an external risk; it is a fundamental business risk, and private companies must treat it as such.",Neutral,0.0
"Scale and Quality of Finance Needed Current finance commitments, including climate finance, fall significantly short of the amounts needed to address global challenges.",Neutral,0.0
"The Grantham Research Institute and Brookings Institution’s report (May 2022) highlights that achieving the Sustainable Development Goals (SDGs) requires a total of $6.9 trillion annually, with $2.4 trillion earmarked for climate action in emerging markets and developing economies.",Positive,0.05
"This hampers the effectiveness of development efforts, particularly in regions already experiencing severe fiscal stress and climate impacts.",Positive,0.16666666666666666
"In the Climate finance space, private sector investment has strongly favored mitigation over adaptation.",Positive,0.4
"On the adaptation side, climate-resilient infrastructure is critical for protecting communities from worsening climate impacts with the Global Commission on Adaptation estimated that $1.8 trillion invested in climate-resilient infrastructure by 2030 could generate $7.1 trillion in total net benefits.",Neutral,0.0
"To improve the quality of finance, we need to focus on the following areas: • Simplification of access to finance: It is essential to streamline access to financial resources to align with the narrowing window of opportunity for climate action.",Positive,0.025
"By ensuring a 21st-century balance between risk and impact, institutions can more effectively support transformative projects and scale up climate investments.",Positive,0.55
Supporting country ownership and ambition: Strong country ownership must be at the heart of climate finance strategies.,Positive,0.3416666666666667
"By aligning diverse financial flows with national priorities and ambitions, we can ensure more effective and sustainable climate outcomes.",Positive,0.3666666666666667
"2. Speed of Finance Mobilization

The fragmented landscape of climate finance has created inefficiencies in mobilizing funds quickly.",Positive,0.3333333333333333
"This delay in accessing funding, particularly for the most vulnerable nations, undermines their ability to act swiftly in response to the climate crisis.",Positive,0.055555555555555546
"Reforming Governance for Balanced Representation and addressing Systemic Issues The governance structures of international financial institutions remain imbalanced, with insufficient representation from climate-vulnerable developing countries.",Neutral,0.0
"Developing countries avoid or limit adopting ambitious climate policies due to the risk of credit downgrades, which would increase borrowing costs.",Positive,0.0625
"Lastly, inadequate transparency and inconsistent monitoring of climate finance flows make it difficult for investors to accurately assess project risks, raising the cost of finance and slowing investment flows.",Negative,-0.033333333333333305
"At the global level, sources of international finance must adopt more inclusive coordinated approach to the international finance landscape to mobilize the necessary resources and expertise and to level up to meet the sustainable development and climate challenges.",Positive,0.1
"At the country level Promoting coherence and complementarity within the finance architecture t o reduce risks arising from fragmentation of climate finance sources with different and complex requirements, eligibility criteria and application processes.",Negative,-0.15
Countries can establish a country platform to help translate development and climate ambitions into pipelines of investable projects and programs.,Neutral,0.0
"This program helps countries strengthen their

example, the Green Climate Fund’s policies allow flexibility in financial instruments, including a risk appetite that supports a willingness to assume first-loss and junior positions which enables it to address clear investment barriers tailored to each investment to catalyze additional investment and deliver impact.",Negative,-0.03333333333333334
"A revised country ownership model , with improved representation of developing countries in governance and decision-making of climate and development finance institutions would contribute to prioritizing and allocating resources effectively.",Positive,0.6
"The GCF Readiness Program , combined with its vast network of partners , plays a transformative role in empowering countries to achieve ambitious climate goals.",Positive,0.125
"This powerful combination of readiness support and global partnerships enables countries to effectively scale climate action by leveraging expertise, resources, and on-the-ground implementation 5.",Positive,0.24999999999999997
Scaling up of development and climate finance for resilience and adaptation .,Neutral,0.0
Development and climate finance institutions must increase their allocation towards adaptation and resilience to fulfill the commitments of the Paris Agreement.,Neutral,0.0
Leveraging Climate and Development Data and Monitoring .,Neutral,0.0
Improving data collection and transparency around climate and development finance flows is essential for ensuring accountability and measuring progress.,Neutral,0.0
"A robust reporting system should be established to track the effectiveness of climate finance, using a set of standardized metrics to measure outcomes.",Neutral,0.0
Climate funds and MDBs can play a key role in fostering greater transparency by supporting the development of these metrics and facilitating independent monitoring efforts.,Positive,0.1875
"The following recommendations should be considered to enhance climate finance effectiveness and accessibility: 1. Supporting and improving complementarity : Member states should call for enhancing complementarity and coherence among key players in the highly-fragmented financing system; for a comprehensive rewiring of the multilateral development finance institutions to make more use of concessional and debt-free instruments, to better align with the current needs of developing countries; and a new country engagement model, with greater participation and decision-making power for these countries.",Positive,0.2207070707070707
"2. Scaling Blended Finance and adaptation financing : FFD4 should highlight the importance of blended finance mechanisms, public-private partnerships and de-risking instruments as essential tools for closing the climate finance gap.",Neutral,0.0
"Governments must commit to strengthening regulatory frameworks and addressing systemic constraints to scale blended finance and ensure that public funds are used strategically to de-risk private investments.

steps to harmonize application processes across climate funds, reduce bureaucratic barriers, and ensure faster disbursement of funds.",Neutral,0.0
Promoting Accountability and Impact : FFD4 should advocate for improved mechanisms for tracking climate finance flows and assessing their impact.,Neutral,0.0
"Better monitoring systems, supported by multilateral organizations, can ensure that climate finance is targeted effectively and used to address the most pressing needs of developing countries.",Positive,0.425
"By incorporating these recommendations, FFD4 can help close the climate finance gap and unlock the resources needed to accelerate global climate action, particularly for vulnerable countries.",Negative,-0.058333333333333334
"Unprecedented events and trends have also hindered 2030 Agenda implementation, including the Covid-19 pandemic and its economic, employment and social impacts; ongoing geopolitical tensions; rising food and energy costs; financial instability and the consequences of climate change.",Positive,0.12666666666666665
"In response, the Seville conference outcome scope should comprise a cross-cutting global policy framework shaped in full partnership with the private sector – including sustainability, global tax cooperation, trade and investment policies, upskilling, climate and energy, IPR protection, food and agriculture, and corporate responsibility issues such as transparency and anti-corruption.",Positive,0.05833333333333333
"To spur investments for development, climate and nature in developing countries, it is key to engage in a matter-of-fact dialogue with business, multilateral finance institutions, regulators and rating agencies to discuss and achieve a common understanding of how to de-risk, incent and leverage private sector investment and finance for adaptation and mitigation.",Negative,-0.049999999999999996
"This

Recommendation 2 : Invest in Research and Development for Global Challenges Governments and international organizations should commit to significantly increasing funding for research and development (R&D) related to critical areas such as climate science, public health, and sustainable agriculture.",Positive,0.05357142857142857
"Scientific research should ensure that solutions are tailored to local and global contexts and challenges, including in regions most affected by climate change and social inequality.",Positive,0.13333333333333333
"Recommendation 6 : Scale Up Global Research Partnerships for Sustainable Development Increase funding for global scientific collaborations in climate resilience, health technologies, and food security.",Neutral,0.0
"Recommendation 11 : Develop Long-Term, Science-Based Debt Relief Strategies Countries should adopt long-term debt relief strategies incorporating scientific climate, social, and economic considerations.",Positive,0.11666666666666667
"Recommendation 12 : Invest in Interdisciplinary Scientific Research to Address Systemic Risks Governments and international organisations should fund interdisciplinary research that brings together experts in all facets of sustainability—including climate scientists, economists, public health experts, and financial analysts—to identify and mitigate global risks.",Neutral,0.0
Emerging Issues: Science as a Tool for Addressing New Global Challenges Climate Change and Environmental Resilience,Positive,0.06818181818181818
"The triple planetary crisis – climate change, air pollution, and biodiversity loss – is perhaps the most urgent global challenge, and science is essential for mitigation and adaptation.",Positive,0.16666666666666666
"Recommendation 14 : Align Financial Policies with Sustainability Science Governments should develop financial policies informed by sustainability science, including the promotion of climate-smart financial products.",Neutral,0.0
"These policies would mobilize resources for climate mitigation and adaptation projects while ensuring

Digitalisation and the Fourth Industrial Revolution Digital technologies are rapidly transforming the global economy.",Neutral,0.0
"A global financing framework for the urban under a climate emergency Today, we know that local and regional governments are key actors to localize the 2030 Agenda and responsible for a considerable 39.5% of public investment worldwide , according to the 2022 edition of the World Observatory on Subnational Government Finance and Investment .",Positive,0.042857142857142864
"Moreover, the increasing challenges posed by climate change and urbanization require local and regional governments to adapt and innovate continuously.",Neutral,0.0
The global financial architecture is not fit to work with local and regional governments nor is it able to address the public investments that the climate and social realities demand at local level.,Positive,0.041666666666666664
"A streamlined and unified accreditation process for national and subnational development banks is essential to improve their access to crucial resources from major multilateral climate funds such as the Green Climate Fund, Global Environment Facility, Adaptation Fund, Loss and Damage Fund, and Climate Investment Funds.",Negative,-0.005357142857142858
"This multiplicity of processes can lead to inefficiencies, delayed disbursement of funds, and missed opportunities for timely investments in critical climate and development projects.",Neutral,0.0
"Global initiatives such as the Cities Climate Finance Leadership Alliance, the Global Commission for Urban SDG Finance, the Malaga Global Coalition for Municipal Finance and the Global Alliance of Subnational Development Banks all represent valuable multi-stakeholder and multilevel forums and platforms to foster dialogue and cooperation and leverage opportunities for a more resilient and sustainable development for all.",Positive,0.07142857142857142
"To sum up, FfD4 should aim at improving the contribution of ODA to the economic development and welfare of developing countries, especially by: ● Adopting a funding target for gender equality that directs ODA to gender mainstreaming and programmes with gender-targeted actions and groups identified as the most marginalized; ● Making climate finance additional and delivering it by grants instead of loans; ● Enhancing the transparency in reporting private sector instruments so that concessionality can be properly assessed; ● Continuing progress to untie aid commitments to ensure all ODA is untied.",Positive,0.13999999999999999
"Challenges of the current Global Debt Governance system The debt situation in developing countries has been further exacerbated by multiple and overlapping crises, such as the COVID-19 pandemic, the war in Ukraine, and the climate crisis.",Neutral,0.0
"The primary reasons for this low level of participation are the typical challenges encountered with debt rescheduling mechanisms, including collective action problems, unequal involvement of different creditor groups and debtors in debt restructuring decision-making processes, the lack of a connection to climate risks and information asymmetries among stakeholders, which have resulted in socio-economic, political and intergenerational injustice.",Positive,0.05555555555555556
"Improve the link debt restructuring with development and climate goals : (i) Obligation of debtor countries to use debt relief to gain fiscal leeway for the achievement of SDGs (or specifically climate goals); (ii) Better include climate risks and the volume of investments in climate adaptation in WB/ IMF Debt Sustainability Analysis (DSAs) (Volz 2022); (iii) Integrate climate-resilient debt clauses in sovereign bond contracts, i.e. the deferral of debt payments in the event of a predetermined climate shock or natural disaster .",Negative,-0.049999999999999996
Climate-proofing the global financial safety net.,Neutral,0.0
We foresee this worsening as climate change tests the resilience of public infrastructure.,Neutral,0.0
Finance Brief: Innovative Approaches to Mobilizing Climate Finance Summary,Positive,0.25
"This policy brief explores innovative approaches to mobilizing climate finance, focusing on both public and private sector contributions.",Positive,0.125
"The Green Climate Fund (GCF) plays a critical role in catalyzing such investments and driving climate action, particularly in support of the most vulnerable.",Positive,0.009523809523809521
"Key Messages Urgent Need for Scalable Climate Finance : Global economic volatility, rising debt levels, and limited access to affordable financing in developing countries highlight the critical need for innovative approaches to close the climate finance gap.",Positive,0.10476190476190476
"Creating Fiscal Space Through Multiple Avenues : Countries burdened with high debt must have access to options like Debt-for-Climate Swaps (DFCS), debt restructuring, and targeted relief to free up resources for climate adaptation and mitigation projects.",Positive,0.18666666666666668
"Alternative sources and Innovative Financial Instruments to Attract Private Investment : Scaling up blended finance, guarantees, and risk-sharing mechanisms is critical to de-risk climate projects and attract substantial private sector investment.",Positive,0.1
Green Climate Fund as a catalyst : The GCF is uniquely positioned to operationalize and scale innovative financial instruments due to its capacity to take on higher-risk projects and its focus on underserved frontier markets.,Positive,0.11000000000000001
"The GCF drives private and public capital for climate action in developing countries, especially the most vulnerable.",Positive,0.016666666666666663
The challenges of mobilizing adequate climate and development finance are increasingly complex.,Positive,0.016666666666666663
"The investment gap, particularly in climate-resilient infrastructure, remains vast.",Positive,0.08333333333333333
"Bridgetown Initiative 3.0 notes that an additional $3 trillion annually will be required to achieve the SDGs, including at least $1.8 trillion in climate and nature investments.",Negative,-0.3
"Despite the Cancun commitment to mobilize USD 100 billion annually for climate finance by 2020, actual flows remained less until 2022, and the allocation of funds has been significantly skewed towards mitigation rather than adaptation.",Positive,0.06944444444444445
"This leaves the most vulnerable without the necessary resources to protect their populations from the impacts of climate change, exacerbating their exposure to extreme weather events, food insecurity, and displacement.",Negative,-0.03125
Closing this gap is critical to safeguarding development gains and ensuring resilience in the face of escalating climate risks.,Neutral,0.0
"Short-term financial incentive, combined with the underpricing of climate risks, result in inadequate capital flows toward sustainable investments in resilient infrastructure and adaptation.",Neutral,0.0
"The fragmented international financial architecture, with insufficient alignment between climate finance mechanisms and development finance, hampers global efforts to meet the SDGs and respond effectively to the climate crisis.",Positive,0.15
"This fragmentation not only delays critical investments but also undermines the ability to scale up climate adaptation and mitigation efforts, particularly in the most vulnerable countries.",Positive,0.033333333333333326
"As a result, opportunities to leverage private sector investment and enhance the efficiency of climate finance delivery are often missed, further constraining the flow of much-needed resources to the most vulnerable.",Neutral,0.0
"Blended finance, which combines concessional public funding with private sector investment, helps de-risk climate projects in high-risk markets.",Neutral,0.0
"Tools like guarantees, sustainability-linked loans, and climate-resilient bonds can further enhance private sector involvement.",Neutral,0.0
"Tailoring these financial instruments to the needs of low-income countries will help channel much-needed private capital into both climate mitigation and adaptation projects, narrowing the infrastructure gap and accelerating development.",Neutral,0.0
2. Leveraging Debt Restructuring to Create Fiscal Space for Climate Action Developing countries with high public debt and constrained fiscal space need innovative solutions to free up resources for climate investments.,Positive,0.23200000000000004
"Debt-for-Climate Swaps (DFCS) offer an effective way for countries to

3.",Positive,0.6
Innovating Risk Management and Insurance Solutions Climate-vulnerable developing nations face heightened risks that often deter private investment.,Neutral,0.0
Expanding risk-sharing mechanisms and sovereign climate insurance initiatives such as the Global Shield can strengthen protection against climate and disaster related risks for the most vulnerable.,Neutral,0.0
"These tools not only mitigate the financial risks associated with climate change but also incentivize private investors to participate in climate projects, knowing that risks are shared.",Neutral,0.0
4. Unlocking New and Alternative Sources of Climate Finance Tapping into innovative sources of finance is essential to close the funding gap.,Positive,0.21212121212121213
"Carbon markets, carbon pricing, and carbon taxes can generate significant revenue to support climate projects.",Positive,0.375
"Additionally, philanthropic contributions and private sector investments can be better coordinated to support large-scale climate initiatives.",Positive,0.25
"By mobilizing these underutilized sources, countries can diversify the funding pools that are available to accelerate climate action.",Positive,0.25
Strengthening Global Financial Governance to Align with Climate Goals Systemic reforms to the global financial architecture can support the mobilization of climate finance at scale.,Neutral,0.0
"Integrating climate risk into financial regulations, adjusting credit rating methodologies to account for climate vulnerabilities, and reforming global financial governance to give developing countries a stronger voice are all necessary steps.",Neutral,0.0
"All international development financing institutions should adopt climate- aligned metrics for decision-making, ensuring that financial flows are directed towards sustainable and resilient development, and responsiveness to the needs of the most vulnerable.",Neutral,0.0
"Optimizing the International Financial Architecture Ensuring the international financial architecture is fit for purpose, supporting access to climate finance, reducing fragmentation, enhancing transparency and strengthening country ownership.",Positive,0.10833333333333334
"This could accelerate the delivery of funds, providing clearer and more efficient avenues for developing countries to access the capital needed for climate objectives and transition.",Positive,0.5
"Strengthen the Implementation of Global Climate Finance Reforms : In line with the need to reform the global financial system, the outcome document should emphasize the importance of supporting and accelerating the implementation of global climate finance reforms.",Positive,0.05
This should include urging all countries to advance the New Collective Quantified Goals for climate finance identified under the UNFCCC process and support complementarity and coherence among the Multilateral Climate Funds.,Positive,0.11818181818181818
"The document should call for stronger international cooperation to fulfill climate finance commitments, improve transparency and accountability in the delivery of funds, and ensure that financial flows are directed toward both mitigation

contributions.",Neutral,0.0
"This should build on the recommendations of the Global Solidarities Levies Taskforce, led by the European Climate Foundation.",Neutral,0.0
"3. Encourage the Use of Innovative Financial Instruments: The outcome document should call for the scaling up of innovative financial instruments — such as blended finance, guarantees, and risk-sharing mechanisms — to unlock private sector investment and de-risk climate projects.",Positive,0.16666666666666666
"By leveraging the GCF’s risk appetite and willingness to innovate, the global climate finance ecosystem can mobilize significant new flows of finance, ensuring resources are directed to both mitigation and adaptation efforts in developing countries.",Positive,0.17045454545454544
"Debt and debt sustainability Enhancing the applicability of debt-for-climate and nature swaps - The AAAA encouraged the study of new financial instruments for developing countries, particularly least developed countries, landlocked developing countries and small island developing States experiencing debt distress, noting experiences of debt-to-health and debt-to-nature swaps.",Negative,-0.06272727272727271
- Debt-for-investment swaps can free up resources for SDG and climate investments.,Positive,0.4
"They allow countries to redirect debt service payments towards investments in sustainable development and climate action and can be a useful instrument for countries that do not have an unsustainable debt burden, but have limited fiscal space for investment.",Positive,0.10952380952380954
"More specifically, debt for climate swaps can be beneficial when they catalyze climate action and help to mobilize resources, including through private financing and/or for middle-income countries that are less likely to receive grants.",Positive,0.08666666666666667
"- A few measures could help overcome these limitations, including: o Integration with international climate finance : link swaps with broader international climate finance mechanisms to increase funding sources and investment scalability.",Negative,-0.037500000000000006
"This is in line with Portugal’s recent experience with some of its main development partners , allowing bilateral debt to be converted into climate and environment funds , to be established by the respective governments.",Positive,0.05555555555555555
"The vulnerability space where hunger and malnutrition linger and intensify also increases with gender inequality, acute emergencies, poverty, protracted conflicts, forced displacement and the effects of climate change.",Positive,0.14999999999999997
"The gravity of global threats which at present is increasing, including pollution, biodiversity loss and climate change, are likely to diminish once all people are given the impetus to fulfill their individual potential within the context of global sustainable development.",Neutral,0.0
"Delivering more and better finance to tackle interlinked development, climate and nature challenges The UK sees the Fourth Financing for Development conference (FfD4) as a pivotal moment to secure global consensus on a modernised development finance landscape that addresses development, climate and nature challenges in an integrated way and forms the basis of a renewed global partnership for accelerating progress on the Sustainable Development Goals (SDGs).",Positive,0.2714285714285714
"We live in an increasingly contested world, where too many people face economic hardship; the gap between richer and poor countries is widening; and the effects of the climate and nature emergencies, and rising conflict and fragility, are intensifying desperate humanitarian need.",Negative,-0.032727272727272716
"The UK recognises the urgent need to unlock more finance for development, climate and nature to fight poverty while protecting the planet, to make the global financial system (GFS) more agile and shock responsive, and to strengthen the voices of the poorest and most vulnerable countries in the system.",Positive,0.21428571428571427
"We should focus on how actions can be best targeted to deliver inclusive and climate compatible growth, tackle conflict and instability and address the different vulnerabilities countries face – all the while putting women and girls at the heart of everything we do and mainstreaming the principle of leaving no one behind.",Positive,0.19999999999999998
IFIs should build greater flexibility into their financing – building on the new World Bank crisis toolkit launched last year - and adopt climate resilient debt clauses.,Positive,0.21212121212121213
"Agreeing to scale efforts on building a bigger pipeline of investment-ready projects, including in low carbon, climate resilient infrastructure.",Neutral,0.0
Deepening local capital markets so more domestic finance is invested in productive assets such as climate resilient infrastructure.,Positive,0.125
"Continuing to innovate, for example through demonstrating how stock exchanges/public markets can help raise finance from investors for emerging markets for climate and development, building on the UK’s MOBILIST programme.",Neutral,0.0
Many partners have also proposed new global taxes and levies to raise new revenue streams that address climate challenges.,Positive,0.19318181818181818
"FfD4 offers an opportunity to address the increasing complexity and fragmentation of the architecture, including by better coordinating how climate, development and wider finance comes together at country-levels.",Positive,0.3
Enhance the effectiveness and impact of development and climate financing through robust public financial management systems and greater fiscal transparency.,Positive,0.16666666666666666
"Agreeing a strong vision for how the climate and wider finance architecture comes together at country-level to deliver coherent, coordinated support for country-led climate plans which are aligned to long-term growth and development goals.",Positive,0.4666666666666667
"FfD4 should secure a global partnership to tackle this, creating fiscal space for developing countries to tackle other crises, such as climate resilience, combined with wider efforts to strengthen debt transparency.",Positive,0.06875
"Revising the IMF and WB Debt Sustainability Framework to tackle issues raised by developing countries, capture climate and nature risks better, alongside ensuring that adaptation investments are properly taken into account.",Positive,0.25
"Enfin, la mobilisation des Droits de Tirage Spéciaux (DTS) en faveur des pays les plus vulnérables et d’autres nouveaux mécanismes de finan cement (CRDCs : Climate resilient debt clauses) ont marqué des avancées importantes.",Neutral,0.0
Il est nécessaire de renforcer et systématiser l’utilisation des clauses contractuelles des prêts souverains pour les rendre plus résilientes aux risques climatiques ( Climate Resilient Debt Clauses – CRDC).,Neutral,0.0
"Pour que cette innovation contractuelle atteigne une masse critique et fournisse des marges de manœuvre budgétaires significatives lorsqu’un pays est touché par un choc exogène sévère, elle doit être

debt-for-climate swaps )",Neutral,0.0
"With climate change affecting the industries and sectors that women-owned businesses are concentrated in, they should be educated about climate financing as well.",Neutral,0.0
"Yet there are increasing shortfalls in resources to grapple with a series of cascading and intersecting crises of polarisation, climate disaster, authoritarianism, and armed conflict; now is the time to prepare and leverage worldwide philanthropy's involvement in sustainable development financing.",Neutral,0.0
"Since the joint communiqué signed at the Summit for A New Global Financing Pact, in which foundations committed to positively contribute to the climate agenda, WINGS, the Philanthropy Europe Association - Philea and other partners, such as the OECD network of foundations working for development (netFWD), have continued to push foundations to commit themselves to climate at the # and gender equality, education and ending inequalities at both COP28 and the Paris Peace Forum.",Positive,0.04772727272727273
"Climate In 2015, the AAAA made a visionary call on climate finance, noting the “critical importance of biodiversity and the sustainable use of its components in poverty eradication and sustainable development.”",Neutral,0.0
"Taking climate action is the responsibility of all foundations, regardless of mission, status or geographic location.",Positive,0.1
The growing climate emergency presents a serious risk to the pursuit of philanthropic aims everywhere and in every area.,Negative,-0.3333333333333333
"Therefore, the philanthropic sector, at all levels - national, regional and global, must coordinate and collaborate to play a role in addressing the climate emergency.",Neutral,0.0
"The philanthropic sector-wide approach must go beyond grantmaking; foundations must leverage their influence, networks, endowments and assets and governance to act on climate.",Neutral,0.0
"WINGS encourages commitment to urgent climate action among all foundations, regardless of their mission, status or geographic location, by signing the International Philanthropy Commitment on Climate Change (International Commitment).",Positive,0.03333333333333333
The movement now has 800 foundations that have already committed to act on climate in the funding work.,Neutral,0.0
"● Address systemic challenges by integrating cross-cutting issues like climate change, inequality, and governance into financing strategies.",Neutral,0.0
"Climate Action ● SDG 17 : Partnerships for the Goals By integrating financing strategies across these goals, the UNFSD enhances efficiency and effectiveness in resource allocation.",Positive,0.1
"1.3.2 Addressing Systemic Challenges Systemic issues like climate change, economic inequality, and weak institutional capacity require comprehensive solutions.",Negative,-0.0875
"2.2 Cross-Cutting Issues in Financing for Development 2.2.1 Climate Change and Environmental Sustainability

● Adaptation Strategies : Enhancing community resilience to climate impacts.",Neutral,0.0
● Climate Funds : Renewable energy investments.,Neutral,0.0
3.c.4 Global Funds and Initiatives ● Climate Finance : Funding mitigation and adaptation.,Neutral,0.0
● Environmental Risks : Climate impacts on debt.,Neutral,0.0
Emerging Issues 4.1 Climate-Related Financial Risks 4.1.1 Physical and Transition Risks ● Physical Risks : Damage from extreme weather.,Negative,-0.03125
4.1.2 Climate Risk Disclosure and Reporting ● TCFD Recommendations : Implementing transparency.,Neutral,0.0
4.2.3 Ecosystem-Based Approaches to Development ● Nature-Based Solutions : Climate adaptation.,Neutral,0.0
"The estimates keep piling up, with an extra USD 3.9 to 4.3 trillion per year to meet the Sustainable Development Goals (SDGs), including USD 1 trillion in external finance by 2030 to address climate change, and USD 700 billion per year until 2030 to preserve global biodiversity.",Neutral,0.0
"First, FfD4 should produce a cross-disciplinary review of the financing strategies required to meet all climate, nature and sustainable development goals.",Positive,0.25
"It could do so by convening the expert communities associated with the different financing frameworks to review how the frameworks propose to meet the financing required, how their estimates are done, SUBMISSION FOR THE FOURTH FINANCING FOR DEVELOPMENT CONFERENCE Towards a Coherent, Transformative Approach to Financing Sustainable Development, Climate and Nature By Alexandra Readhead, Anahí Wiedenbrüg, David Uzsoki October 2024 Authors/ Date

Climate Finance Framework announced at COP28, and most recently the strategy for biodiversity finance in the Global Biodiversity Framework (GBF).",Positive,0.16666666666666666
"As it is now, achieving meaningful progress on sustainable development and climate depends primarily on countries increasing DRM.",Positive,0.45
For the Climate Finance Framework this is USD 1.4 billion of the total USD 2.4 billion required for climate and nature-related spending.,Neutral,0.0
"For many developing countries who have lower emissions and are bearing the brunt of climate change, the focus on DRM may be a bitter pill to swallow.",Positive,0.2
"Similarly, providing finance to countries in (or in high risk of) debt distress without restoring their debt sustainability first would only result in more debt to meet existing debt obligations, without increasing their fiscal space to make development and climate investments.",Positive,0.182
"Finally, FfD4 should foster greater coordination between development, climate and nature finance communities through multi-stakeholder spaces .",Positive,0.25
"Answers to these questions should drive the agenda for FfD4, and a more coherent approach to financing sustainable development, climate and nature goals going forward.",Positive,0.5
"What overlaps, gaps and inconsistencies exist between the different frameworks for financing development, climate and nature?",Negative,-0.05
"There is the UNDP Integrated National Financing Framework (INFFs), the Climate Finance Framework (CFF) announced at COP28, and most recently the strategy for biodiversity finance in the Global Biodiversity Framework (GBF).",Positive,0.16666666666666666
"Lastly, there is a new Global Solidarity Levies Taskforce focused on identifying new potential sources of revenue for climate action.",Positive,0.06212121212121211
Governments spent 10% of public revenues servicing their debt in 2022 – diverting vital resources away from sustainable development and climate action.,Positive,0.025
This is compounded by non-concessional climate finance leading heavily indebted poor countries to become even more indebted.,Negative,-0.03333333333333336
"The CFF makes debt relief a necessary pre-condition for countries to finance their climate goals even for those not facing sustainability, but ‘solely’ a liquidity crisis.",Neutral,0.0
"Simply put, “countries with liquidity crises cannot attract private capital inflows needed to finance climate goals.”",Neutral,0.0
The third is the urgent need to address the climate and nature crises.,Neutral,0.0
"A changing climate, and the measures required to limit its severity or cope with its impact, are already putting a heavy burden on governments around the world, particularly in developing countries.",Negative,-0.016666666666666677
"The Addis Agenda highlights the importance of fiscal measures to address climate change, leaving the United Nations Framework Convention on Climate Change (UNFCCC) to determine the details.",Neutral,0.0
"While clear mandates are important, the scale and urgency of the climate and nature crises and their impact on sustainable development makes the separation between financing frameworks increasingly artificial.",Negative,-0.033333333333333326
"FfD4 should close the gap between the development, climate, and nature finance communities, and propose mechanisms to enhance coherence between the frameworks.",Neutral,0.0
"While there is growing momentum to rationalise incentives, there is also an urgent need to attract private finance to achieve climate and biodiversity goals.",Neutral,0.0
Debt swaps have generated considerable interest amongst climate and nature finance communities.,Positive,0.1
These instruments have been proposed as a way to help countries deal with both climate and debt problems at the same time.,Neutral,0.0
"The appeal of swaps is intuitive: if we face both a debt and a climate crisis, why not contributing to their resolution by tackling them together?",Neutral,0.0
"Swaps can work in some cases and free up much needed resources, but alone they cannot solve either the debt or climate crisis.",Positive,0.30000000000000004
"Given the magnitude of the investment needed for developing countries to meet their development and climate goals, access to credit is thus vital.",Positive,0.1
"The main difference is that whereas the Bridge Proposal targets countries facing liquidity constraints, but whose debt remains sustainable (thereby complementing the Common Framework for Debt Treatment (CF)), the latter seeks to revise the CF, not only expanding it to Middle Income Countries, but also by anchoring it in a Debt Sustainability Analysis (DSA), which takes climate risks and investment needs for climate and development into account.",Negative,-0.026666666666666665
"Efforts to improve or identify new sources of international tax should not be abandoned – renegotiating tax treaties, taxing offshore indirect transfers, and new climate-related taxes on shipping or aviation – but FfD4 should insist on more time, technical assistance, and finance being allocated to strengthening domestic tax policy and tax administration.",Positive,0.12878787878787878
"Conclusion On process, we recommend that FfD4 take stock of the frameworks for financing development, climate and nature, to identify overlaps, gaps and inconsistencies in approaches, and bring expert communities together to develop mechanisms to promote coherence.",Negative,-0.1
"The International Institute for Sustainable Development Published by the International Institute for Sustainable Development The International Institute for Sustainable Development (IISD) is an award- winning independent think tank working to accelerate solutions for a stable climate, sustainable resource management, and fair economies.",Positive,0.19999999999999998
But these vulnerabilities get further compounded by increasing intensity and frequency of climate change impacts.,Neutral,0.0
1. Vulnerability of SIDS to climate impacts The data for SIDS shows an increasing trend of disaster intensity and frequency.,Neutral,0.0
Impact of climate on debt profile The International Monetary Fund (IMF) conducts Debt Sustainability Analysis (DSA) to assess a country's ability to meet its current and future debt obligations without needing drastic measures such as debt relief or significant balance of payments adjustments.,Positive,0.075
We analysed these indicators for 33 SIDS for which most recent debt data was available to understand the impact of climate disasters.,Positive,0.3
"Debt to GDP ratio : The debt-to-GDP ratio is a critical measure of a country's ability to service its debt, especially in SIDS, where climate change exacerbates economic challenges.",Positive,0.06666666666666667
Climate-induced damage leads to increased borrowing while harming vital sectors like tourism and agriculture.,Positive,0.1
"A high debt-to-GDP ratio can indicate a looming debt crisis, particularly in SIDS, where the effects of climate change are sudden and severe.",Positive,0.10888888888888888
"Furthermore, adapting to climate change requires significant investments in protective measures, further increasing their borrowings.",Positive,0.1875
"Global shifts related to climate change, such as altered trade patterns or new regulations, further complicate debt management.",Positive,0.02727272727272727
"The consistent proximity to the 50% threshold highlights a precarious

conditions, such as climate events, commodity price fluctuations, and shifts in global trade and finance.",Positive,0.08333333333333333
"To further understand the impact of climate disasters on the SIDS’ external debt, we examined the correlation between disaster intensity and external debt levels by comparing two distinct periods: Period I (2007-09) of minimal disaster intensity, and Period II (2020-21) of high disaster intensity.",Positive,0.06
Private debt and climate impacts : Private debt often comes at a higher interest rate.,Positive,0.08333333333333333
"Investments in social protection schemes, which provide considerable safety nets to communities in the face of climate risks, often takes a backseat.",Positive,0.06666666666666667
"A way forward: Building fiscal resilience in the face of the climate crisis For the SIDS, breaking free from this vicious cycle is not just an economic imperative but a question of survival.",Negative,-0.13333333333333333
"The interconnected challenges of climate change and debt require a concerted, multifaceted response.",Neutral,0.0
"The rationale for a layered approach to debt sustainability When a country is hit by a climate disaster, different types of funding support are needed to help it recover from both climate and debt crises.",Neutral,0.0
"SIDS need financial assistance in all three phases of post-disaster recovery to allow them to adequately prepare, cope and recover from recurring climate shocks.",Positive,0.16666666666666666
(ii) Future protection measures : The increasing frequency and intensity of climate-related events pose a continuous threat to the economies and livelihoods of SIDS.,Neutral,0.0
SIDS have repeatedly faced devastating economic setbacks due to climate-related disasters.,Negative,-0.30833333333333335
"So, along with support for creating fiscal breathing space after such disasters through debt relief, the Support Service will work towards immunising SIDS against future climate-induced financial shocks through insurance and other protective measures.",Negative,-0.03125
"The rationale for the future protection measures By establishing such a protective mechanism, SIDS could ensure a cap on potential economic damages, introducing a layer of financial predictability amidst the uncertainties of climate change.",Positive,0.04
"(iii) Resilience investment : For SIDS, the challenge of climate adaptation and resilience is existential and is exacerbated by the need to manage economic and natural disaster shocks.",Positive,0.15000000000000002
"These investments would involve identifying opportunities for issuing resilience bonds, blue or green bonds aimed at funding climate resilience initiatives, while also exploring new solidarity-based resilience finance mechanisms.",Negative,-0.02121212121212122
"At their core, these bonds offer direct financing for initiatives aimed at bolstering resilience to climate-induced impacts.",Positive,0.1
Resilience-building investments like these can help SIDS manage the immediate impacts of climate change and also pave the way for sustainable economic growth.,Positive,0.2
Introducing resilience bonds will be combined with existing measures to support access to climate finance for SIDS and build on MVI in offering SIDS improved terms.,Neutral,0.0
"By harmonising capacity-building, financial strategy, policy coherence, and stakeholder collaboration, as shown in the Theory of Change (Figure 6), the Support Service will not only protect SIDS from the immediate impacts of climate change but will also steer them towards a future defined by resilient prosperity.",Neutral,0.0
"The financial strategies developed through the Support Service will help SIDS manage and recover from climate impacts, preventing catastrophic economic losses and promoting sustainable growth.",Positive,0.10000000000000002
"Finally, research and development facilitated through the Support Service ensures that SIDS can make evidence-based decisions, fostering an environment where climate resilience is continuously improved through innovation and learning.",Neutral,0.0
"How can the DSSS be expanded to Least Developed Countries (LDCs) and other developing countries – Recommendations for FFD4 The Debt Sustainability Support Service (DSSS) for SIDS offers a comprehensive, multi-layered approach to managing debt and resilience investments in the context of climate vulnerability.",Negative,-0.05624999999999999
Expanding the DSSS to other developing countries would offer multidimensional solutions that address their unsustainable debt while simultaneously enhancing climate resilience.,Negative,-0.125
"Shared vulnerabilities Like SIDS, LDCs and number of developing countries are highly vulnerable to climate change impacts, natural disasters, and economic shocks, all of which contribute to their growing debt burdens.",Negative,-0.06666666666666667
"Many LDCs rely heavily on agriculture and resource extraction, sectors that are highly susceptible to climate-related disruptions like droughts, floods, and shifting weather patterns.",Positive,0.15333333333333332
"These mechanisms can be customised to meet the specific needs of vulnerable developing countries, in particular LDCs, ensuring they are better equipped to respond to climate-induced, and other related shocks.",Positive,0.006944444444444438
"The governance structure would be inclusive, transparent, and adaptive, offering flexibility to address the unique economic and climate-related challenges these regions face.",Positive,0.2875
A path to sustainable and climate resilient development Expanding the DSSS would significantly contribute to achieving the Sustainable Development Goals (SDGs).,Positive,0.375
"By addressing debt sustainability through climate-resilient financial strategies, developing countries could invest more resources into critical sectors like health, education, and infrastructure, directly advancing SDG 1 (No Poverty), SDG 13 (Climate Action), and SDG 9 (Industry, Innovation, and Infrastructure).",Positive,0.13999999999999999
"The multifaceted and comprehensive service like DSSS could offer cohesive support that addresses the complex, interwoven challenges confronting SIDS, LDCs and others in the face of climate change and other economic crises caused due to external factors.",Negative,-0.06999999999999999
"By providing a holistic support framework, DSSS would empower these vulnerable countries to navigate their unique challenges, enhancing their capacity to adapt, build resilience, and contribute to the global effort towards sustainable development and climate resilience.",Negative,-0.041666666666666664
The unprecedented threat and scale of the climate crisis demand significant investment in climate adaptation and mitigation measures globally.,Positive,0.325
"While billions of dollars continue to be channelled into climate finance each year, corruption – be it through graft, abuse, bribery, conflicts of interest, mismanagement, or negligence - stands to hamper the effectiveness of urgent climate finance and investments, misaligning their allocation, undermining their impact, fuelling environmental crime, and worsening the consequences of the crisis to vulnerable groups.",Negative,-0.5
"It is, therefore, imperative that the FfD4 Agenda prioritises efforts to safeguard climate investments from corruption.",Neutral,0.0
"The extractive sector is the most prone to corruption globally, and the expected increase in mineral extraction for the energy transition and combating the climate crisis (including copper, cobalt, rare earths, nickel and lithium) makes it even more critical to ensure transparency and accountability.",Positive,0.19999999999999998
FfD4 should consider the following: • Ensure that the principles of good governance and robust anti-corruption measures are central to development efforts and initiatives addressing the climate crisis.,Positive,0.2333333333333333
"Enable open access to simple, relevant, and timely information on, for example, decisions, financial modalities, and project implementation in relation to climate-related initiatives.",Positive,0.1
"Provide spaces for meaningful and inclusive participation of public stakeholders in climate- related decision-making processes, including in the allocation of climate finance.",Positive,0.16666666666666666
"Introduce safe channels for reporting corruption in climate-related projects, including guarantees around the protection of environmental defenders and whistleblowers.",Positive,0.5
"Additionally, the disparity in money flows for the SDG and climate action between developing and developed countries is vast and expanding, proving systemic inequalities in the global financial architecture.",Positive,0.04
"South cooperation and trade between developing countries (accounting for more than 25% of global trade) and encourage knowledge sharing and technology transfer to address common issues such as climate resilience, agriculture and digital transformation.",Positive,0.04
"Remove harmful subsidies : Redirect subsidies that undermine climate action and sustainable development such as fossil fuels, agriculture and fisheries (estimated at over $7 trillion a year, or around 8% of the global GDP according to the World Bank) toward SDG aligned investments.",Positive,0.03333333333333333
"In this regard, firstly on finance, we recommend the following: • Set a quantifiable target for private finance in SDGs : Achieving the SDGs and tackling climate change requires an annual investment of $500 billion from private capital.",Positive,0.0625
The World Economic Forum and the UN Secretary General’s High Level Expert Group on Climate Finance have also both advocated for setting clear quantifiable targets on mobilising private finance for the SDGs and climate action.,Positive,0.10166666666666667
"These should be aligned with the Climate Bonds Initiative taxonomy, relevant regional taxonomy or recognised international standard.",Positive,0.13333333333333333
"The private sector provided 49% of total climate finance ($625 billion), though it is concentrated in advancing economies.",Neutral,0.0
"• Mandate sustainability reporting : The private sector must be required to report on sustainability and climate performance, using the principles of double materiality.",Neutral,0.0
Align and integrate FfD monitoring and follow up efforts with existing UN SDG and climate accountability systems such as the High Level Political Forum and the UNFCCC global stocktake moments to avoid duplication.,Positive,0.04
"The FfD4 is a critical process that must listen to the voices of all actors, especially those who are most of need to financial flows to address severe climate impacts and social inequalities.",Positive,0.10666666666666666
"The impact of cross-border challenges — climate change, global public health, fragility — are escalating and are becoming more frequent and protracted.",Positive,0.21000000000000002
Climate change mitigation.,Neutral,0.0
"MDBs do not have a specific mandate to address climate change, as Parties to the UNFCCC do, and they are also not beholden to the commitment of providing ‘adequate and predictable funding’.",Positive,0.04444444444444443
"MDBs can leverage established processes for regular country engagement to align development and climate objectives, they are working to help client countries improve their mitigation ambitions in their Nationally Determined Contributions (NDCs) and they are supporting client countries with reforming fossil fuel subsidies and actively working with client countries’ regulators to promote environmentally sustainable practices within the banking and financial sectors.",Positive,0.029166666666666667
"It is important not just to fully implement existing special and differential treatment (SDT) as it stands but to seek to update, and (if necessary) expand, SDT arrangements, as the changing world (climate change and other ecological crises, new technologies, geopolitical shifts) has thrown up new challenges and barriers to developing countries.",Positive,0.18641001855287564
"Unilateral measures include climate measures such as the European Union’s (EU) Green Deal, including the Forestry Directive and the Carbon Border Adjustment Mechanism (CBAM).",Negative,-0.175
"Current agricultural trade rules do not address market access challenges of developing countries, the impact of climate change and global food insecurity.",Neutral,0.0
"Issues such as technology transfer (proposed by the African Group) and a financing facility for food imports (supported by the FAO) should feature on the

Support the WTO Investment Facilitation for Development (IFD) Agreement , to improve the investment and business climate and make it easier for investors to invest and operate in all sectors.",Neutral,0.0
A closely related matter is climate tech transfer.,Neutral,0.0
Supporting access to climate tech – as a global public good - will serve the global public interest and facilitate climate investment in developing and LDCs.,Positive,0.15833333333333333
"Access to finance, in its many manifestations matters, whether access to trade finance (e.g. letters of credit or export loan guarantees for a small-scale trader) or finance for energy infrastructure or climate finance to support agriculture, which is also connected to supporting trade.",Positive,0.375
2) Developing and implementing better models of collaborative research and development to address challenges such as climate change and to promote the expansion of research and development in developing countries.,Positive,0.25
"Finally, the mobilization of Special Drawing Rights (SDRs) in favor of the most vulnerable countries and other new financing mechanisms (CRDCs: Climate resilient debt clauses) have marked

II.",Positive,0.06692949907235622
"They have to make major investments to achieve the SDGs and cope with climate change, while their budgetary room for maneuver has been hampered by multiple crises.",Positive,0.03125
"Emerging market economies and low-income and developing countries need annual financing estimated by the IMF at between $3,000 and $4,000 billion to achieve the SDGs, the climate transition and the full range of development challenges up to at least 2030.",Positive,0.024999999999999994
"We invite countries to join the Global Solidarity Levies TaskForce (GSL TF), which aims to identify options for international tax instruments for climate and development, build political coalitions around each of these options, and present them at COP30 in Belém with a credible timetable for implementation.",Positive,0.08
"• country platforms that are able to play a key role, notably in implementing ambitious climate and environmental strategies at the national level, with the support of MDBs, as well as implementing partnerships for a just energy transition.",Positive,0.3125
There is a need to strengthen and systematize the use of contractual clauses in sovereign loans to make them more resilient to climate risks ( Climate Resilient Debt Clauses - CRDC).,Positive,0.5
"In addition, the use of debt buy-backs associated with debt-for-nature or debt-for-climate swaps is another innovation with interesting potential, in certain specific contexts.",Positive,0.17857142857142858
"Increased financial support for research into development and climate change is essential to provide a better understanding of the issues at stake, and to inform the positions and decision-making of the international community.",Positive,0.125
"Our submission is based on our understanding of the African context, the African continent’s position and desired outcomes for an international financial infrastructure that, at its core, supports countries’ climate and development needs.",Neutral,0.0
Africa’s position should be understood in the context of two mutually reinforcing phenomena ⎯ the debt and climate crisis.,Neutral,0.0
"This includes climate-labelled unilateral measures, notably in trade policy, which implicitly penalise countries that are least responsible for the historical damage on the environment.",Negative,-0.019999999999999997
"Reforms to the multilateral climate finance system must facilitate access to, particularly, non-debt instruments.",Positive,0.13333333333333333
"Reforms to the GFA should not compromise additionality of financial resources, but give primacy to both climate and traditional development areas that require finance on highly concessional terms.",Positive,0.05333333333333334
"This

o Reducing barriers for more equitable international climate finance access is critical.",Positive,0.16666666666666666
"Climate finance is unevenly distributed across regions and Africa continues to benefit from international climate finance flows primarily in the form of loans, which are in many cases at market rate.",Positive,0.175
How Africa can access increased levels of multilateral climate finance in the form of grants and highly concessional loans must be addressed by the GFA reforms.,Positive,0.13
"As the interplay between trade and climate policy comes into sharp focus, the trading system should facilitate Africa’s integration into the new global economy, and its pursuit of green industrialisation.",Negative,-0.047159090909090914
This should include effective and enforceable transparency and accountability mechanisms for climate finance reporting and its delivery.,Positive,0.6
"Enfin, la mobilisation des Droits de Tirage Spéciaux (DTS) en faveur des pays les plus vulnérables et d’autres nouveaux mécanismes de finan cement (CRDCs : Climate resilient debt clauses) ont marqué des avancées importantes.",Neutral,0.0
Il est nécessaire de renforcer et systématiser l’utilisation des clauses contractuelles des prêts souverains pour les rendre plus résilientes aux risques climatiques ( Climate Resilient Debt Clauses – CRDC).,Neutral,0.0
"Pour que cette innovation contractuelle atteigne une masse critique et fournisse des marges de manœuvre budgétaires significatives lorsqu’un pays est touché par un choc exogène sévère, elle doit être

debt-for-climate swaps )",Neutral,0.0
"I. OVERARCHING REFLECTIONS Amid the ongoing impacts of COVID-19, the climate crisis, geopolitical tensions, and rising inequality, the urgency for a strong global framework to finance sustainable development has never been greater.",Positive,0.3111111111111111
"4. Close the Climate Finance Gap: Fulfillment of the $100 billion annual climate finance

5.",Neutral,0.0
Promote the establishment of a conducive investment climate that attracts foreign direct investment (FDI) while safeguarding national interests.,Negative,-0.012499999999999997
"4. Advocate for increasing ODA for climate action, particularly for adaptation and resilience-

5.",Positive,0.13333333333333333
Set up an expert technical group to develop and present to Member States options for a coherent framework that accounts for climate finance and ODA in a transparent manner.,Positive,0.16666666666666666
"Additionally, establish dedicated funding windows within MDBs that focus on key development challenges, such as climate change, gender equality, and infrastructure development.",Neutral,0.0
F. Incorporate climate-resilient debt clauses in all new sovereign debt issuances.,Positive,0.13636363636363635
"2. Support the exploration and implementation of innovative financing instruments, such as debt- for-climate swaps, debt-for-nature swaps, and state-contingent debt instruments as a means of

d.",Positive,0.25
"Strengthen frameworks like the IMF’s Debt Sustainability Analysis (DSA) and the World Bank’s Debt Management Performance Assessment (DeMPA) to address evolving risks, including climate change and economic instability.",Positive,0.2
Integrate climate risks into debt sustainability analyses and develop mechanisms like catastrophe bonds and insurance-linked securitie to address these risks while supporting climate adaptation and resilience-building efforts.,Positive,0.25
"Leveraging STI for Sustainable Development 1. Invest in climate-smart technologies, such as renewable energy, sustainable agriculture, and climate-resilient infrastructure tailored to the specific needs and vulnerabilities of developing countries.",Neutral,0.0
"The 2021 allocations are already four years old and the world is suffering from the polycrisis of climate change, wars and debt crises.",Positive,0.1
"In line with SDG 13 (Climate Action), CFC is committed to fostering climate resilience within commodity value chains.",Positive,0.1
"By investing in sustainable agricultural practices and projects that promote low-carbon development pathways, CFC enables smallholder communities to adapt to changing climate conditions.",Neutral,0.0
"The world’s 3,000 billionaires should contribute at least 2% of their fast-growing wealth, potentially raising £250 billion annually for the global fight against poverty, inequality, and climate change .",Negative,-0.09999999999999999
"First announced in 2023, the ACT Fund focuses on enhancing smallholder livelihoods, promoting biodiversity, and driving climate action.",Positive,0.175
"The goal is to generate $290 million in added income for over one million beneficiaries, thereby making a substantial contribution to poverty reduction, economic resilience, and climate sustainability in commodity-dependent regions.",Positive,0.2
"It proposes policy solutions and recommendations on two of the focus lines of this call: cross cutting issues (such as the climate transition and gender equality), and domestic resource mobilization.",Negative,-0.15
"Under such a framework, cross-cutting issues to be dealt with through global financing goals were determined, including the climate emergency and gender equality.",Neutral,0.0
"With regards to the climate emergency, one of the cross-cutting issues of the Addis Action Plan was “protecting our ecosystems for all”, determining that all the actions included under this framework should be implemented with the objective of protecting and preserving the planet, its

2 natural resources, biodiversity and the climate .",Positive,0.06666666666666667
"To do so, States committed themselves to “coherent policy, financing, trade and technology frameworks to protect, manage and restore (the) ecosystems, including marine and terrestrial ecosystems, and to promote their sustainable use, build resilience, reduce pollution and combat climate change, desertification and land degradation” .",Positive,0.25
"Due to its legitimacy, the wide reach of stakeholders included, and its pivotal role in marking the financing agenda forwards, the FFD 4 provides a fundamental platform to discuss the integration of multiple parallel multilateral negotiations that are taking place with the objective of scaling up climate financing.",Positive,0.05357142857142857
"For instance, a New Collective Quantified Goal (NCQG) on Climate Financing is due to be established at COP 29 in Azerbaijan in November 2024, thereby marking a unified and concrete financing objective for the years to come.",Positive,0.040340909090909094
"Furthermore, the future United Nations Framework Convention on International Tax Cooperation also offers an additional tool from which to eventually improve climate financing effectivity, namely through the potential establishment of an additional protocol on environmental taxes or the taxation of ultra-high-net-worth individuals.",Positive,0.025
"The FFD 4 should therefore serve as a platform by which to harmonize efforts and positions, establishing an explicit mandate upon States to include human rights considerations when determining their negotiating positions in terms of climate financing.",Neutral,0.0
"Conducting human rights, climate and gender impact assessments of major decisions around financing is an example of how relevant obligations could be properly observed.",Positive,0.115625
"Ensure financing in response to emerging global challenges, such as climate change, humanitarian crises, health, and pandemics is gender transformative.",Neutral,0.0
"Acknowledge increasing and diverse financing needs of countries, especially those particularly vulnerable to the adverse impacts of climate change, who disproportionately affects women and marginalized population, leading to a growing demand for grants and concessional finance.",Negative,-0.25
"Climate finance must be additional, grant-based, distinct from ODA and should not come at the expense of assistance for other development needs, including poverty eradication, which continue to be a major issue for women and girls, worldwide.",Positive,0.07916666666666666
1. Climate Change :,Neutral,0.0
"Climate change disproportionately affects women, particularly in developing countries.",Positive,0.16666666666666666
Policies addressing climate resilience must consider women's unique vulnerabilities and contributions.,Positive,0.375
"Three years before Paris, the Climatewise Reinsurance Alliance (then aggregate assets $3+ trillion) stated that less than .01% of the $95T bond market had been positively identified by issuers or market observers as contributing to low carbon growth.",Positive,0.020202020202020204
"Drawing inspiration from climate finance, models such as carbon markets, adaptation funds, and impact bonds can be adapted to support STI projects.",Neutral,0.0
"International financial institutions can play a pivotal role by offering concessional loans and grants that reduce investment barriers for high-impact STI projects, especially in underfunded areas such as climate adaptation, health innovation, and digital transformation.",Positive,0.08333333333333333
"For example, investments in digital health systems can enhance healthcare delivery in remote areas, while innovations in sustainable agriculture can support food security and resilience to climate impacts.",Negative,-0.05
"Climate change, biodiversity loss, and social inequalities are systemic risks that demand immediate attention and innovation.",Positive,0.03333333333333333
Green Bonds: Mobilizing the Private Sector for Climate Action .,Negative,-0.03333333333333333
"Current trends suggest a 40 percent increase in the number of disasters between 2015 and 2030, even before accounting for the accelerating pace and intensity of hazard events intensified by climate change.",Neutral,0.0
"Address existing, new, emerging and future disaster risks, including the impacts of climate change, biodiversity loss, environmental degradation and unplanned and rapid urbanization, as well as technological hazards and risks.",Positive,0.06818181818181818
"Identifying gaps in public spending on disaster risk reduction, including by developing and utilizing budget tagging and tracking systems and allocating increased domestic resources to disaster risk reduction (based on A/RES/77/289para 33(a) and Budget tagging for Disaster Risk Reduction and Climate Change Adaptation) • Mainstream disaster risk reduction into public budgeting, financial planning, expenditure, investment and procurement processes in all relevant sectors and at all levels of government (A/RES/77/289 para 33(a))",Positive,0.08
"Approaching disaster risk reduction and climate change adaptation separately, can lead to inefficiencies in resource utilization.",Neutral,0.0
"The Paris Agreement (Article 8) and Sendai Framework (Target E), encourages a comprehensive risk management approach with integrated and synergized planning between disaster risk management and climate action.",Positive,0.3
"Proposals: • Establish or strengthen policy, programmatic and financing coherence between national climate change adaptation and national disaster risk reduction strategies, as well as sector-specific plans (A/RES/78/152 para 14) •",Neutral,0.0
"Conduct inclusive and multi-hazard disaster risk assessments that consider climate change projections to support evidence-based disaster risk reduction strategies and guide risk-informed development investments by the private and public sectors, including to support early action and recovery (A/RES/78/152 para 20)

DOMESTIC AND INTERNATIONAL PRIVATE BUSINESS AND FINANCE Further actions, including adopting and implementing regulatory frameworks, are necessary to encourage private sector engagement and investments in disaster risk reduction.",Positive,0.02
"Proposals: • Collaborate with the private sector to promote resilience of businesses by integrating multi-hazard, long-term risk analysis into their management practices, to facilitate private investments in disaster risk reduction and to promote risk-informed private investments and the disclosure of disaster risk in business operations and asset values including through establishing and utilizing taxonomies and standards for financing resilience and disaster risk reduction (based on A/RES/78/152 para 49, Designing a climate resilience classification framework to facilitate investment in climate resilience through capital markets) • Encourage financial authorities to integrate disaster risk reduction into their work to promote investments in disaster risk reduction and improve disclosures on disaster risk exposure and management (based on A/RES/77/289para 33(d), Integrated National Financing Frameworks for Disaster Risk Reduction) •",Neutral,0.0
"Promote the development of climate resilient debt clauses, where appropriate, and the exploration of clauses that consider other catastrophic external shocks (based on A/RES/78/152 para 8) ADDRESSING SYSTEMIC ISSUES",Positive,0.21875
"The challenges we face—effects of climate change, unsustainable debt levels, high cost of capital, return to industrial policy and protectionism in developed countries, the need to achieve dual climate and digital transitions, growing inequalities and persistent conflicts—are not just isolated issues to be addressed, they are symptoms of a deeper systemic imbalance.",Positive,0.08666666666666667
"This must mean addressing longstanding obstacles to development, including lack of effective market access, insufficient development aid and investment, and the need for more development and climate finance.",Positive,0.184375
"Many developing countries, fearing the consequences of default, are prioritizing servicing external debt and, therefore, avoiding sovereign default at the cost of achieving sustainable development and addressing the climate crisis.",Positive,0.25
"Moreover, the rise of inward-looking environmental and digital industrial policies in major economies, which include subsidies, trade- and investment-restrictive measures, is hindering developing countries from leveraging trade for growth while limiting their participation in the growing opportunities provided by the climate and environmental transition.",Positive,0.03125
"For countries rich in critical minerals, this provides a unique chance to develop local value chains, attract investment in clean technologies, and become key players in the economy of a global climate and environment transition.",Positive,0.15952380952380954
"Reforms to the WTO are necessary to address the needs of developing countries and ensure a fair, inclusive multilateral trading system that enables their participation in the dual climate and digital transitions.",Positive,0.19999999999999998
"A fair and inclusive multilateral trading system should find mutually beneficial solutions to address unilateral trade actions driven by the current wave of industrial policies in developed economies, which risk increasing global trade inequalities amid the digital and climate transitions.",Positive,0.05714285714285713
"In addition, trade, investment and science, technology and innovation are important tools in climate action.",Positive,0.25
"We know that SDG targets are also linked to climate change, either through positive co-benefits or negative tradeoffs.",Negative,-0.03636363636363636
"Trade and investment policies, for instance, have a direct impact on climate action and on the design and implementation of updated Nationally Determined Contributions (NCDs) and need to be coherently used.",Positive,0.2333333333333333
"It calls to address historical injustices associated with colonialism, imperialism, patriarchy and climate change and to mobilize resources needed to deliver on eco-social contracts through equitable fiscal policies and international finance.",Neutral,0.0
"Beyond raising sufficient resources for climate action and SDG implementation, fiscal contracts need to distribute the financing burden within and between countries in line with principles of fairness and equity.",Positive,0.1
"They need to be complemented by international resource bargains supporting countries in the global South through access to finance and transfers, knowledge and technology in order to address cross-border global challenges such as climate change, as well as compensate for historical injustices.",Positive,0.041666666666666664
"Addressing climate change requires a harmonized global approach where nations collectively set policies and targets to mitigate environmental degradation; identify the resources needed to restitute loss and damage and finance adaptation; promote just, effective and rapid renewable energy transition; and agree on emission reductions, among others.",Positive,0.3
"Beyond climate policies, the concept of collective global resources is central to the idea of fair fiscal contracts.",Positive,0.2333333333333333
"ODA needs to better support less affluent countries to implement policies geared towards sustainable development, adapting to climate challenges and ensuring social justice.",Positive,0.25416666666666665
"Debt-for-nature-swaps—a mechanism through which a portion of a nation's debt is exchanged for commitments to invest in conservation and ecological restoration—are another potential source for resource transfers, in particular if the swaps are supplemented by additional concessional financing or transfers to address climate change.",Positive,0.18888888888888888
"In addition to climate change fora, there is a need for global and regional tax dialogues.",Neutral,0.0
Conclusions and Recommendations (V.) Social policy and a fair fiscal contract play a key role in shifting the current development model toward social and climate justice.,Positive,0.15333333333333332
Social protection schemes and public services can support climate change adaptation and just transitions and mitigate negative impacts of various types of crises.,Negative,-0.06666666666666667
"Improve quality and efficiency of public spending and conduct ex-ante and ex-post impact assessments of public spending (related to SDG achievement and climate transition, inequality and human rights impacts, employment and productivity, etc.).",Neutral,0.0
"For the forty-five LDCs, progress towards the SDGs has been jeopardized by mul;ple global crises, the climate emergency, and a growing debt burden.",Neutral,0.0
"This includes information on different sub-groupsonthepopulation,climateandpovertymattersthatrelatetosustainablefinancing.",Neutral,0.0
"With the increase in the frequency and intensity of disasters and climate impacts, investments in geospatial data and statistics enhance disaster preparedness and response.",Neutral,0.0
"Action areas a. Domestic public resources In the context of a significant gap between current levels of international finance and requirements to meet the climate and development goals of developing countries, .",Positive,0.07916666666666666
Allocating whole or a portion of these revenues as grant finance to support climate and development goals would contribute significantly to closing the climate and development investment gap.,Positive,0.2875
"which, if scaled and the revenues (either in whole or partly) allocated to climate and de-

– as currently under negotiation at the International Maritime Organisation in terms of a GHG pricing mechanism (accompanied with a GHG fuel standard) which could allocate revenues both in and out of sector.",Positive,0.05
"Recognise the contribution of levies to close the climate and development financ- ing gap while addressing root causes of global inequalities Accelerate efforts to establish levies on polluting and under-taxed sectors of the economy to allocate revenue for climate and development goals Strengthen global coordination on solidarity levies to reach international agree- ments on their implementation, through existing processes including the Global Solidarity Levies Task Force whilst in support of the development of a UN Frame- work Convention on International Tax Cooperation.",Neutral,0.0
"Financial materiality – the dominant approach underlying non-financial reporting during the last decades - hasn’t been sufficient to prevent and account for the adverse impacts of investments on the environment, climate, and people if those where not creating immediate financial risks for the organisation and obviously hasn’t been sufficient to orient the economy in a more sustainable direction.",Positive,0.1
"Simultaneously, the worsening impacts of climate change further threaten fiscal stability and debt sustainability, placing additional stress on economies already stretched thin.",Negative,-0.15
"One, economic and fiscal mismanagement; two, temporary liquidity shocks; and three, significant development deficits and gaps in climate financing.",Positive,0.2875
"This includes improving transparency through a public registry of sovereign debt

on long-term investments in climate adaptation and sustainable development without risking fiscal collapse.",Neutral,0.0
Scaling concessional finance and increasing adaptation financing to 50 percent of total climate funding should be prioritized.,Neutral,0.0
"National development banks (NDBs) are crucial for mobilizing the required financing, including from private sources, to reach countries’ climate and developmental objectives.",Neutral,0.0
"Social protection is a recognized policy action that effectively contributes to prevent and reduce poverty and inequality, maintain the social contract, boost shared prosperity and support resilient societies, which is vital in the face of economic, compounded crises and climate challenges.",Positive,0.17777777777777778
"Direct international climate finance towards social protection, recognizing its contribution to climate change adaptation, mitigation and loss and damage.",Positive,0.044444444444444446
Social protection is key to accelerate progress towards climate goals while leaving no one behind.,Negative,-0.12222222222222223
Policy alignment is a critical step to access climate financing: social protection policies should be informed by climate risks and social protection needs should be integrated into climate change and DRRM policies.,Positive,0.022222222222222223
"International institutions, partnerships, and funds providing climate finance should consider including explicit reference to social protection and its relevance to achieving climate goals, and relevant social protection ministries should be involved in the design, planning, and implementation of climate change investments (National Determined Contributions etc).",Positive,0.11666666666666667
Highlight the importance of the inclusion of social protection within climate financing strategies and mechanisms.,Positive,0.03333333333333333
"This ensures that international climate financing can be used to leverage adaptive social protection for climate action, with social protection playing a key role in boosting peoples’ climate resilience and contributing to a just transition.",Positive,0.03333333333333333
"While assessing gaps is complex and mired with assumptions, it is estimated that current domestic and international expenditures for DRR and climate change adaptation (CCA) are only meeting 10% to 25% of total needs in a wide range of countries.",Negative,-0.05714285714285715
"• Enhance local, national and global resilience for current, emerging and future risks, recognizing the increasing risks across timescales due to climate change.",Negative,-0.025
"However, many small- and medium-sized enterprises (SMEs) face challenges in accessing financing to realize much-needed investment in DRR and climate adaptation.",Positive,0.125
"While there has been progress toward mandating climate-related disclosures, the broader spectrum of disaster risks remains largely unaddressed in accounting and disclosure frameworks.",Positive,0.21428571428571427
"Policymakers could address this issue by drawing on emerging frameworks, such as the Guide for Adaptation and Resilience Finance, and the Climate Bonds Resilience Taxonomy.",Neutral,0.0
"Combined with market standard development, this type of incentive could be a game changer for capital market investment in climate adaptation and disaster resilience.",Negative,-0.2
"Even in Europe, only about a quarter of losses resulting from extreme weather and climate events are covered by catastrophe insurance, with coverage in many parts of the world being far lower.",Positive,0.11875
• Create incentive schemes that promote investment by private companies in climate adaptation and disaster resilience.,Neutral,0.0
"Similarly, there is scope to better integrate climate finance and DRR, building on existing instruments such as the Green Climate Fund (GCF), Adaptation Fund, and Global Environment Facility (GEF).",Positive,0.06
Further integrating DRR in development programmes and climate finance could contribute to enhancing their effectiveness and impact .,Neutral,0.0
"To center risk reduction into international assistance and climate finance, there is a need for a global commitment around a percentage of ODA on DRR, with transparent tracking .",Negative,-0.03333333333333333
"For instance, this could translate by having all providers of development financing introducing mandatory climate and disaster risk screening in their projects.",Neutral,0.0
"In this context, the FFD4 Outcome document should recommend to: • Enhance DRR integration in development and humanitarian assistance and strengthen synergies with climate finance instruments .",Neutral,0.0
"Yet, climate and other hazard-related fiscal risks remain too often absent from national fiscal sustainability frameworks, meaning that funding for disaster response is often made after an event drawing on ad-hoc reallocations of funds, with no guarantees of enough funding being available.",Positive,0.09166666666666667
"Meanwhile, central banks and financial supervisors are recognizing climate change as a significant threat to financial stability .",Positive,0.09375
"Proper integration of disaster risks involves not only focusing on climate-related risks but also addressing the full range of hazards, including environmental, geophysical, technological, and biological risks.",Positive,0.11666666666666665
"Promote risk-informed investments in science, technology, and innovation, including Earth and climate observations as well as geographic information systems.",Neutral,0.0
This is particularly important in a context where climate change undermines the value of historical data and as risk maps evolve.,Positive,0.2
"Beyond the Nationally Determined Contributions (NDCs) formulated under the United Nations Framework Convention on Climate Change (UNFCCC), there are specific negotiations for two sectors: air transport (with standards already adopted by ICAO) and maritime transport (currently under negotiation at the International Maritime Organization).",Neutral,0.0
"In the wake of the second Global Refugee Forum in 2023, the OECD Development Assistance Committee (DAC) International Network on Conflict and Fragility (INCAF) agreed on a Common Position on Addressing Forced Displacement with a Humanitarian-Development-Peace (HDP) nexus approach, encompassing three areas of action: Early engagement of development, peace and climate action, alongside humanitarian aid, in

Inclusion of refugees and internally displaced persons in broader development and climate programming; and, Addressing the drivers of forced displacement to enable solutions, such as voluntary return, local integration, and resettlement, and prevent further displacement, through comprehensive development, peace and climate action.",Negative,-0.03571428571428573
"Given the protracted nature of forced displacement, countries affected by refugee and internal displacement situations , including countries of origin, should ensure that their national development plans and climate action plans, and their related requests for development finance, explicitly include refugees, internally displaced persons and the needs of local areas and communities hosting the displaced.",Negative,-0.03333333333333334
"According to OECD analysis, only 28% of LIC and MIC national development plans explicitly include refugees and IDPs (year 2022), and only 36% of national climate action plans (2022).",Positive,0.03333333333333333
This means that tens of millions of forcibly displaced are left behind in planning for sustainable development and climate change adaptation.,Positive,0.033333333333333326
"The third phase of the iniMaMve (DGI-3) includes 14 recommendaMons aimed at improving the availability and quality of economic and financial data and staMsMcs, addressing four areas (i) climate change; (ii) household distribuMonal informaMon; (iii) Fintech and financial inclusion; and (iv) access to private sources of data and administraMve data, and data sharing.",Positive,0.04
"Digital public goods also foster the cooperative and collaborative action needed to jointly address common urgent

global challenges, such as climate change mitigation and adaptation.",Negative,-0.03333333333333333
"Open weather forecasting models and data , and open agricultural data (soil quality, seeds etc) are similarly of great importance for climate change adaptation and for more climate robust agricultural practices.",Positive,0.325
"From poverty reduction to climate action, DPGs enable countries to implement scalable, cost-effective systems that improve access to essential services, promote environmental sustainability, and foster inclusive growth.",Positive,0.05
"These solutions also help address urgent global challenges, including climate action and economic resilience.",Positive,0.10000000000000002
"Attheheart ofthe framework,thereneeds tobe investment ingreenfinance, renewableenergy, andclimate resilience.",Neutral,0.0
Climate Change Theincreasingeffectsof climatechange have seriousimplicationsfor development financing.,Neutral,0.0
"Westand firm to mobilizeadditional resourcesfor climate action,includingthe financingof mitigation, adaptation,and resilience-buildinginitiatives.",Negative,-0.2
"DMUNFoundation standsreadyto establishclimate financemechanismsfor youth-led organizationsandlocal communities,knowingthat youngpeople areapartofthe driverof climate solutions.",Neutral,0.0
"TheDMUN Foundation,in relationto this,urges that financing strategiesbe developedtoaddress futurechallenges suchas climate change,technological disruption, and demographic shifts.",Neutral,0.0
"This includes multilateral effectiveness (MDBs and UN System), empowering the countries of the global south, private sector engagement, aligning climate finance with country needs, multi-stakeholder partnerships, locally-led development and disaster risk reduction, potentially also issues related to trade, debt, taxation, governance.",Positive,0.02
• Clear distinction between climate and development finance and a recognition that climate finance should be distinct from new and additional to development finance.,Positive,0.1787878787878788
"There is a rise of unilateral trade measures, including the Climate Border Adjustment Measures (CBAM), which discriminate against developing countries by unilaterally imposing sustainability standards on their exports, which threaten not only their exports but production processes within their economies.",Negative,-0.3333333333333333
"These boundaries include critical systems like climate, freshwater availability, and nutrient cycles, all of which are essential for maintaining stable ecosystems and human societies.",Neutral,0.0
"A key element of this transformation is the global phase-out of fossil fuels, a measure essential to meeting climate targets and stabilizing the climate.",Neutral,0.0
"This financial imbalance threatens to slow progress in the regions that are most vulnerable to climate change, particularly in Africa and Latin America, where socio- environmental justice must be a key component of sustainable development strategies.",Negative,-0.02222222222222223
"Additionally, efforts to reduce embodied carbon throughout the entire lifecycle of buildings are necessary to mitigate climate impacts.",Neutral,0.0
"Creating an enabling environment for STI toward 2030 Science, technology, and innovation (STI) are fundamental tools for achieving the SDGs, particularly in addressing poverty, food security, and climate change.",Positive,0.16666666666666666
"This is especially true in Africa, where targeted STI initiatives can play a transformative role in overcoming socio-economic challenges and building climate resilience.",Positive,0.7
"For example, AI’s potential to revolutionize climate modeling and energy transitions is immense, but its growth must be matched by the expansion of digital infrastructures, governance frameworks, and policies that address access, data privacy, and environmental impacts.",Neutral,0.0
"Establishing a global sustainability science center, supported by a significant financial investment, can drive large-scale demonstration projects in energy, food, climate, biodiversity, health, and sanitation.",Positive,0.06875
"Science, technology, and innovation have the power to address the most pressing issues of our time—from climate change and food security to gender equality and social justice.",Positive,0.26666666666666666
"(2023) c) Collaborative, global sustainability science centre and training network across geopolitical divides (with demonstration projects at scale in energy, food, climate, biodiversity, health, and sanitation).",Neutral,0.0
"(2024) c) Science-policy advice on safe and just targets, boundaries and transformations (in follow-up to the Earth Commission’s findings), including on minimum access indicators, climate commitments, and just and inclusive energy transitions.",Positive,0.5
"Promote progressive and just global tax policies: (i) tax the super-rich and reduce tax incentives for private sector and corporations that generate social, economic and environmental externalities; (ii) support the implementation of a CBDR-RC compliant taxation of major polluters' activities; (iii) strengthen international cooperation instruments and information exchanges to close tax havens, eliminate money laundering, and the loopholes that

Promote fully funded evidence-based public policies for all that are gender, age, anti-racist, disability and climate-responsive, ensuring full access to decent work, water, land, housing, food security, and universal education, health (including mental health), and social protection systems.",Negative,-0.00032051282051281883
"Create and implement just transition plans, with fossil fuels divestment and more ambitious climate mitigation and adaptation measures in line with a 1.5oC scenario, act to prevent and reduce disaster risks, and to protect the rights of the people and territories in vulnerable conditions, ensuring new, additional and flexible financing to e ff ectively respond climate change, accessible and adapted to the needs of groups at the frontline of climate adaptation processes, particularly considering women’s and feminists groups.",Positive,0.15467171717171715
Domestic and international private business and finance Develop gender responsive financial instruments such as credit swaps to attract private capital to sustainable development and climate financing.,Neutral,0.0
"Reform the International Financial Institutions and Multilateral Development Banks governance, structure and practices to (i) mainstream human rights, environmental obligations and the SDGs in economic decision-making within their mandates; (ii) increase the availability of concessional funding, such as Special Drawing Rights allocations and innovative financing instruments - avoiding de-risking measures against public interests; and (iii) democratize decision-making governance by guaranteeing equal voice, gender parity and fair participation of the Global South and civil society representation, includi c. International development cooperation Generate additional and predictable funds, including through innovative financing mechanisms, to allow governments and civil society actions accelerate climate health and SDGs financing and maximize the e ffi ciency of existing platforms and mechanisms, such as the Green Fund, Climate Adaptation Fund, Loss and Damage Fund, the Global Fund to Fight AIDS, Tuberculosis and Malaria, among others, as well as reaching, at least, the committed 0.7% ODA resources to developing countries.",Positive,0.08721804511278197
"Ensure parity representation of women in all their diversity in the governance of the multilateral and national economic, social and environmental institutions, while guaranteeing interdisciplinary and gender-responsive foreign, economic and climate policies enhancing leadership and community resources, ensuring internal and external policies coherence and, particularly, recognizing indigenous women, as stewards of land and ecosystems.",Positive,0.07187500000000001
"Reduce the debt burden and its costs, particularly for low and middle-income countries, to address liquidity and solvency problems and free up resources to finance the implementation of the 2030 Agenda and the Climate Agenda, by a non-creditor led multilateral legal debt gender responsive framework under the auspices of the United Nations.",Positive,0.17333333333333334
"Align education to the gender equality-based approach, fully financing and guaranteeing integral, inclusive, quality lifelong public education from early childhood to higher education, valuing teachers and all education professionals, ensuring their working conditions and health; advancing open knowledge strategies, digital public goods and open education resources; and cultivating climate literacy, environmental education and nature-based learning.",Positive,0.03125
"Emerging issues Establish a climate financing mechanism associated with international financial transactions taxes as one of the sources of new and predictable revenue to be used, inclusive to achieve the SDG 5.",Negative,-0.015909090909090914
"TheFACTCoalition’s membersincludeglobal economic justiceorganizations, anti-corruption organizations,humanrights watchdogs,labor unions,environment andclimategroups, andmore.",Positive,0.2
"At best, these clauses should be generalized across creditors and become a real tool in the fight against the debt crisis and in increasingtheresilienceofpoorandvulnerablecountriesinthefaceofclimatechange.",Positive,0.6
Governments should strategically align saved public expenditure toward global goods on climate action and development.,Positive,0.03333333333333333
Suchso-calledsolidaritylevieswillbetheonlymeansintheshortand medium term to massively increase grant financing to the poorest countries (over debt-based financing) to help them fight extreme poverty andclimatechange.,Negative,-0.0625
Theyarealsoanimperativein thefightagainstclimatechangeandformoretaxjustice.,Neutral,0.0
"Transparencyandtrackingofclimatefinance,ofspecifictargetsforclimateadaptation Clarity, transparency, and accountability of climate finance are key, especially considering the lessons learned from the lack of clearly agreed metrics in the $100B target for international climate finance.",Positive,0.024999999999999998
Both contributorsandrecipientsmustplayacrucialroleintrackingcommitments anddisbursementsonclimatefinancetoensureglobaltargets-particularlyonclimateadaptation -aremet.,Neutral,0.0
"With regards to reportingclimatefinanceviaMDBs,itis important to ensure finance does not contribute to financing fossil fuel projects, directly or indirectly.",Positive,0.25
ExpertPaneltoMaximisetheUseofSDRsfordevelopmentandclimate The G20 and other advanced countries have made commendable progress against their collective commitment to recycle $100 billion SDRs.,Positive,0.1375
"By contrast, there has been significant progress in mobilizing capital markets for climate change objectives, supported by international principles and guidelines, and a trend towards global consistency and comparability in standards.",Positive,0.125
"The impacts of the polycrisis - the COVID- 19 pandemic, climate and environment emergencies and cost-of-living, food, fuel and debt crisis - has disproportionately disadvantaged women and girls across all aspects of sustainable development.",Neutral,0.0
"• Integrate gender perspectives in the design, funding, implementation, monitoring and evaluation of policies and programmes on climate change mitigation, adaptation and resilience, disaster risk reduction, biodiversity protection and environmental degradation.",Neutral,0.0
"The negative socio-economic impacts of the Covid-19 pandemic, rising inflation and slow economic growth, tightening monetary and financial conditions, unsustainable debt burdens, increased pressure on food, energy and the adverse impacts of climate change have disproportionately affected developing countries and continue to undermine their efforts to make necessary investments to achieve the SDGs in the remaining time.",Negative,-0.08000000000000002
"Strengthening tax revenues that will support the fight for equality and social and climate justice by maintaining a sustainable fiscal position and strengthening the fight against evasion, abuse and avoidance.",Positive,0.03333333333333333
"4. We urge the incorporation of environmental and climate considerations in fiscal programming instruments, such as fiscal rules and national fiscal frameworks.",Neutral,0.0
The increase in the frequency and intensity of physical phenomena associated with climate change requires including climate and environmental implications in fiscal scenarios in order to build public finances that are resilient to climate change.,Neutral,0.0
"We welcome the policy recommendations of the United Nations Conference on Trade and Development contained in the report A/79/209 to scale-up the use of debt-swaps for Sustainable Development Goals, including for climate and nature, and calls for the development of a multilateral strategy, building on these recommendations, aiming at simplifying and improving the design, transparency and financing of debt swaps, and including concrete measures to support developing countries to overcome challenges associated with the costs of transaction, technical assistance, information-sharing, credit enhancement and risks, among others.",Positive,0.2625
"We encourage the consideration of the use of state-contingent debt instruments, including climate resilient debt clauses, where appropriate, to provide breathing room to countries hit by shocks with direct impact on its GDP growth prospects such as natural disasters or macro- economic shocks.",Positive,0.18
n.a. Convention on Climate Change and its Conference of the Parties are the primary international and intergovernmental forums for negotiating the global response to climate change.,Positive,0.13333333333333333
60 Deliver on the commitment made by Yes (USD developed countries to mobilise USD 100 100 billion in billion annually by 2020 in climate finance climate for developing countries.,Positive,0.1
Implement the commitment undertaken by developed country parties to the UN Framework Convention on Climate Change (UNFCCC) to a goal of mobilising jointly USD 100 billion annually by 2020 from all sources to address the needs of developing countries in the context of meaningful mitigation actions and transparency on implementation and to fully operationalise the Green Climate Fund through its capitalisation as soon as possible.,Positive,0.09999999999999999
"According to the OECD's seventh progress assessment towards the UNFCCC goal, developed countries provided and mobilised USD 115.9 billion in climate finance in 2022 for developing countries, surpassing the annual USD 100 billion target for the first time, albeit with a two-year delay compared to the original target year (OECD) 61 Welcome the initiation of the Green Climate Fund and the Board’s decision to No aim for a 50:50 balance between mitigation and adaptation over time.",Positive,0.265
"(OECD) Green Climate Fund disbursements (GCF) and replenishments The GCF has increased disbursements from USD 10.3 billion at the time of initial resource mobilisation in 2014, up 24.3%, to USD 12.8 billion in 2022.",Negative,-0.1
62 Consider climate and disaster resilience No in development financing to ensure the sustainability of development results.,Neutral,0.0
"By 2020, substantially increase the number of cities and human settlements adopting and implementing integrated policies and plans towards inclusion, resource efficiency, mitigation and adaptation to climate change, and resilience to disasters and develop and implement holistic disaster risk management at all levels in line with the Sendai Framework for Disaster Risk Reduction 2015-30.",Neutral,0.0
"Target 13.2 Integrate climate change measures into national policies, strategies and planning.",Neutral,0.0
"Promote mechanisms for raising capacity for effective climate change-related planning and management in LDCs and SIDS, including focusing on women, youth and local and marginalised communities.",Positive,0.3
"LDCs submitted 46 readiness proposals to the Green Climate Fund (GCF) for National Adaptation Plans (NAPs) or other adaptation processes, with 31 approved and 26 already receiving disbursed funds.",Negative,-0.1625
"Additionally, 37 SIDS and 45 LDCs have submitted at least their first versions of Nationally Determined Contributions (NDCs), while many countries have also begun submitting long-term strategies and adaptation communications to the United Nations Framework Convention on Climate Change (UNFCCC).",Positive,0.15
"(OECD) 65 Commit to enhancing support for coastal No areas and low-lying coastal countries, including LDCs and SIDS, to address and adapt to rising global temperatures, sea level rise, ocean acidification and other climate change impacts.",Negative,-0.0625
"Green bonds remain the dominant instrument, making up 60% of total issuance, with a primary focus on climate mitigation.",Positive,0.06666666666666667
"Almost all the MIGA projects supported at least one of its three priority areas: 27% of gross issuances went to International Development Association-eligible (lower-income) countries, 19% went to fragile and conflict- affected countries, and 28% of the total guaranteed investment of the projects contributed to climate finance.",Negative,-0.06
"As a result, FY23 MIGA issuances are expected to help create 8 774 jobs and enable USD 2.6 billion in loans, including for small and medium enterprises and climate-related activities.",Negative,-0.175
"Science shows that meeting minimum needs within safe and just earth system thresholds for water, climate, biosphere requires radical change in societies.",Positive,0.5
"Additionally, STI cooperation on climate change requires breaking down disciplinary silos and promoting international partnerships for knowledge-sharing and technology transfer, and dealing with stranded assets and resources.",Negative,-0.07777777777777778
"The digital divide could hinder these efforts, particularly in addressing climate change and reducing poverty.",Positive,0.08333333333333333
Promote STI cooperation on climate change and to realize SDG synergies and manage trade-offs through cross-sector collaboration and knowledge-sharing.,Neutral,0.0
"Specific recommendations by the 10-Member-Group a) Science-policy advice on safe and just targets, boundaries and transformations (in follow-up to the Earth Commission’s findings), including on minimum access indicators, climate commitments, and just and inclusive energy transitions.",Positive,0.25
"b) Collaborative, global sustainability science centre and training network across geopolitical divides (with demonstration projects at scale in energy, food, climate, biodiversity, health, and sanitation) c) Share technologies and skills to solve the basic health issues of water, sanitation, and food security.",Neutral,0.0
"Global governmental research funders to boost spending on SDGs by 20% over the next five years b) Collaborative, global sustainability science centre and training network across geopolitical divides (with demonstration projects at scale in energy, food, climate, biodiversity, health, and sanitation).",Neutral,0.0
"Promote International Cooperation on Climate and Resilience: Digital tools, including AI, should be leveraged to improve climate resilience and disaster preparedness.",Neutral,0.0
c) Upgrade Engineering Standards for Climate Change: Engineering codes and standards must be updated to address climate change challenges.,Neutral,0.0
"promoting sustainable peace, resilience, and addressing climate change.",Neutral,0.0
"AI can enhance climate modelling, improve disaster preparedness, and strengthen societal resilience.",Neutral,0.0
"Institutional support for modern innovation systems is insufficient, prompting calls for new networks of ideas, funds for innovation, and updated engineering standards to address climate change.",Positive,0.16818181818181818
"The world faces overlapping challenges, including pandemics, wars, climate change, and food insecurity, which threaten development gains.",Neutral,0.0
"- It is essential to promote coordination and dialogue among the main actors of the international financial architecture and to ensure coherence, complementarity and synergy with other ongoing discussions (G20, COP, IMF/WB Annual Meetings) and global frameworks in support of sustainable development - inter alia on human rights, gender equality, biodiversity, climate change, education, health and social development - with a view to building a multilateralism adapted to the realities and challenges of the 21st century.",Positive,0.008333333333333331
"All financing must be scaled up to address the triple planetary crisis of climate change, biodiversity loss and pollution.",Neutral,0.0
"- Fiscal policies and public financial management instruments are powerful tools to reduce poverty and advance SDGs, including gender equality, digital transformation, environmental protection and the fight against climate change.",Positive,0.075
"- FFD4 presents an opportunity to develop new instruments and mainstream existing instruments such as Climate Resilient Debt Clauses (or those relating to pandemic) to provide relief over the short term for countries facing immediate shocks and crisis, while insisting that this should not be seen as the panacea for all issues.",Positive,0.04545454545454545
"Such challenges include lack of access to finance for development, inefficient use of finance available through domestic and international sources, corruption in development projects and programs, inadequate mechanisms to recover and return proceeds of corruption to victim communities/ countries, lack of decentralized and locally accountable governance mechanisms to deliver development, intra- and inter-state conflicts and disasters that obstruct development or lead to de-development, climate change, structural inequalities in terms of trade between member states, and inadequate cooperation among state parties to address causes of slow progress towards achieving the development agenda.",Positive,0.0035714285714285665
"Specific actions in this regard must include: • The IFIs and the bilateral donors must enhance funding to the developing countries and align their policies and priorities to the SDGs, urgent needs of addressing climate change related challenges, strengthening development delivery mechanisms, mainstreaming UNCAC related actions, and improving governance.",Neutral,0.0
"Member states must establish collaborative research, policy reform and capacity building programs for addressing common challenges faced by the humanity including climate change, natural disasters, corruption, organized crime and under- development.",Negative,-0.09999999999999999
"Emerging Issues • Climate change has begun to significantly impede development, harm infrastructure and disrupt existing mechanisms of trade, service delivery, production and business.",Positive,0.375
The existing mechanisms are inadequate or inefficient and must be streamlined for coherent and robust climate action.,Positive,0.3
"Ecosystem and biodiversity services • Collaborative Tools: Structured quests, bounties, and builds

Climate change intensifies disasters: 2023 saw $250 billion in global damages Siloed approaches hinder effective global disaster management Data fragmentation limits predictive capabilities Lack of standardized, scalable solutions for diverse regions Reactive strategies prove increasingly inadequate and costly Slow fund disbursement: Traditional financing mechanisms are often too slow to release funds based on forecasts.",Negative,-1.850371707708594e-17
"BENEFITS

ALL HAZARADS ALL-OF-SOCIETY Systemic Risk Climate Risk Political Risk Health Risk Financial Risk Technology Risk MICRO",Neutral,0.0
"Scaling up DFIs thanks to more PSI funds means scaling up mobilisation, supporting the recycling of capital as well as the ultimate impact of poverty alleviation and climate action.",Positive,0.21000000000000002
"With a combined portfolio of €53 billion, including over €15 billion of climate finance, EDFI’s 15 member institutions share a vision of a world where the private sector offers people in low- and middle-income countries opportunities for decent work and improved lives, and where private investment flows are aligned with the Sustainable Development Goals and the Paris Climate Agreement.",Positive,0.05333333333333333
"They’re impact -oriented, focusing on job creation, gender inclusion, climate resilience, green agri, technology for development and the SDGs.",Negative,-0.2
"Emerging Issues The evolving global financing landscape is shaped by several emerging challenges that require proactive solutions: a. Climate Change Climate risks present a formidable challenge to the sustainability of Small and Growing Businesses (SGBs) in Africa and other emerging markets, particularly within the agriculture and energy sectors that are essential to these economies.",Negative,-0.029761904761904764
"Most climate challenges are highly localized and contextual, making it crucial to develop new financing facilities specifically designed to help small and growing businesses drive resilience and climate adaptation within their local environments.",Positive,0.09106060606060606
"These businesses, deeply embedded in their communities, are uniquely positioned to respond to local climate challenges.",Positive,0.125
"Small business funds, because of their proximity and deep knowledge of local contexts, are already integrating sustainability and climate resilience into their investment strategies.",Negative,-0.08333333333333333
"By directing more financing towards this emerging asset class of fund managers, we can ensure that small businesses have the resources and support needed to effectively mitigate and adapt to the increasing prevalence and severity of climate challenges over the next decade.",Positive,0.2125
"o Address systemic barriers that preclude emerging market banks from lending to SGBs : this

o Build resilience : Financing should prioritize Small Business Fund Managers who, with local expertise, can implement investment strategies that foster sustainability and climate resilience in affected industries.",Negative,-0.125
"Australia is particularly focused on supporting the smallest and most vulnerable developing countries, many of which are disproportionately affected by the adverse impacts of climate change.",Positive,0.18333333333333332
"IFA reforms should incentivise countries that wish to act on global public goods, such as gender equality, climate change mitigation and pandemic preparedness.",Neutral,0.0
FFD4 needs to leverage the momentum generated by the Pact for the Future to address development and climate financing gaps efficiently and without duplicating international efforts in other multilateral forums.,Negative,-0.006249999999999999
Country-led platforms should serve as effective frameworks for aligning national reforms with climate and sustainable development priorities.,Positive,0.6
"Economic opportunities are undermined by the triple planetary crises of climate change, biodiversity loss and pollution.",Positive,0.2
Global challenges like climate change are interconnected and have a compounding and cascading impact.,Neutral,0.0
"Urgent action is needed to adapt to and build resilience against climate impacts, as extreme weather threatens food and water security, endangering global stability.",Negative,-0.008333333333333331
"Promote a global financing framework based on country-led platforms that are established upon request, which align national reforms with climate and development goals, while improving access to finance and investment and addressing investment barriers.",Neutral,0.0
"• Acknowledge climate change as a force multiplier for development threats, such as pandemics, food and water insecurity, conflict, and fragility.",Neutral,0.0
Reflect climate change considerations across all FFD4 action areas as a global public good.,Positive,0.19999999999999998
"Strengthen the IFA to monitor, evaluate and learn from experience in mobilising private investment to support effective and impactful development, gender equality and climate action, including through the OECD DAC.",Positive,0.2333333333333333
"Ensure inclusion of the cross-cutting issues of climate, gender equality and disability equity and rights.",Neutral,0.0
• Harmonise ODA and climate finance reporting standards to promote greater consistency and transparency.,Positive,0.5
"Effective debt management is essential to enable developing countries to access debt markets, invest in climate-resilient infrastructure, and achieve the SDGs.",Positive,0.3
"Encourage all creditors to offer Climate Resilient Debt Clauses in sovereign loans to developing countries, particularly the smallest and most vulnerable.",Positive,0.055555555555555546
"Future policy orientation must consider providing incentives for green industries and environmentally-friendly infrastructure which can sustain long-term growth, and promote climate resilience, through investments in

renewable energy.",Negative,-0.1
"This has gained even more importance in recent years as projects on climate change mitigation and adaptation, and green industrialization have become urgent priorities for developing countries, as well as for international funding partners.",Positive,0.075
"This can also include providing training for using intellectual property (IP) flexibilities, in areas like renewable energy, climate adaptation, and public health, so that developing countries have the capacities necessary to utilize such technologies for their sustainable development.",Positive,0.075
Governments can increase alignment of the private sector with climate goals and SDGs by adopting green finance taxonomies (sometime also referred to as sustainable/climate finance taxonomies).,Negative,-0.1
"A number of developing countries have already adopted green finance taxonomies, with efforts also underway at the regional level in ASEAN and in Latin America and the Caribbean.",Negative,-0.2
Such enforcement could deter companies from making misleading claims regarding the sustainability and climate impacts of their products.,Neutral,0.0
"The State of

New and emerging areas ODA increasingly responds to global crises, including health, climate and conflict Following successive global shocks, it remains unclear whether the increase in ODA is truly new and additional or redirected from existing commitments.",Positive,0.05454545454545454
"The OECD estimates that bilateral aid spending on what could be considered as the provision of global public goods (GPGs) by members of the OECD DAC has grown from an estimated 40% of average bilateral ODA in 2008-12 to around 64% in 2018-22, due in large part to growing expenditure related to climate challenges, costs for refugees in donor countries, food security and infectious diseases.",Negative,-0.010119047619047625
"Climate finance provided and mobilised by developed countries, including and beyond ODA, for climate action in developing countries has nearly doubled in the last six years from USD 59 billion in 2016 to USD 116 billion in 2022 in line with the UN Framework Convention on Climate Change target to mobilise USD 100 billion per year by 2020 in developing countries.",Positive,0.07500000000000001
"Climate finance provided and mobilised by developed countries for SIDS tripled since 2016, reaching USD 3.2 billion in 2022.",Positive,0.1
Total bilateral climate-related development finance amounted to a two-year average of USD 50 billion in 2021-22 or 40% of total bilateral ODA.,Negative,-0.049999999999999996
"For more information on climate finance, including private finance mobilisation for climate action, see the factsheet on domestic and international private business and finance.",Positive,0.09999999999999999
"Increased transparency of climate-related development finance will be needed, including to potentially support assessment of progress toward the New Collective Quantified Goal (NCQG) on climate finance.",Positive,0.06818181818181818
"Multidimensional vulnerabilities, beyond gross domestic product (GDP) are important to consider for countries approaching the ODA graduation threshold As world poverty and inequalities shift and climate change and debt increase vulnerabilities, GDP cannot be the only measure of how development finance should be allocated.",Positive,0.08
" 9 OECD (n.d.), Gender and development OECD (n.d.), Gender and development Development Finance for Gender Equality and Climate Action, pdf (oecd.org) OECD (upcoming) State of Development Finance for Gender Equality 2024 OECD (2024)",Positive,0.1
"OECD (2024), Climate Finance Provided and Mobilised by Developed Countries in 2013-2022, Climate Finance and the USD 100 Billion Goal, OECD Publishing, Paris .",Positive,0.1
"OECD (2024), Climate Finance Provided and Mobilised by Developed Countries in 2013-2022, Climate Finance and the USD 100 Billion Goal, OECD Publishing, Paris O OECD (2024), Climate Finance Provided and Mobilised by Developed Countries in 2013-2022, Climate Finance and the USD 100 Billion Goal, OECD Publishing, Paris.",Positive,0.1
